-- phpMyAdmin SQL Dump
-- version 5.2.1
-- https://www.phpmyadmin.net/
--
-- Host: localhost
-- Generation Time: Aug 06, 2024 at 11:58 PM
-- Server version: 8.0.36
-- PHP Version: 7.4.33

SET SQL_MODE = "NO_AUTO_VALUE_ON_ZERO";
START TRANSACTION;
SET time_zone = "+00:00";


/*!40101 SET @OLD_CHARACTER_SET_CLIENT=@@CHARACTER_SET_CLIENT */;
/*!40101 SET @OLD_CHARACTER_SET_RESULTS=@@CHARACTER_SET_RESULTS */;
/*!40101 SET @OLD_COLLATION_CONNECTION=@@COLLATION_CONNECTION */;
/*!40101 SET NAMES utf8mb4 */;

--
-- Database: `lbookfin_greendb`
--

-- --------------------------------------------------------

--
-- Table structure for table `account_number_tb`
--

CREATE TABLE `account_number_tb` (
  `ID` int NOT NULL,
  `NEXT_ACCOUNT` bigint NOT NULL,
  `FORMATION` varchar(200) NOT NULL,
  `USER_ID` int DEFAULT NULL,
  `DATE_CREATED` varchar(100) DEFAULT NULL,
  `DATE_MODIFIED` varchar(100) DEFAULT NULL,
  `CCODE` int DEFAULT NULL,
  `HCODE` longtext
) ENGINE=MyISAM DEFAULT CHARSET=latin1;

--
-- Dumping data for table `account_number_tb`
--

INSERT INTO `account_number_tb` (`ID`, `NEXT_ACCOUNT`, `FORMATION`, `USER_ID`, `DATE_CREATED`, `DATE_MODIFIED`, `CCODE`, `HCODE`) VALUES
(1, 1038, 'SBST', 1, NULL, NULL, 233211, '45c25d94087adb87e798b0a674173f68'),
(4, 2, 'BRE', NULL, NULL, NULL, 364834, NULL),
(5, 1, 'ABI', NULL, NULL, NULL, 104565, NULL),
(6, 1, 'KOF', NULL, NULL, NULL, 604996, NULL),
(7, 1, 'KOF', NULL, NULL, NULL, 616561, NULL),
(8, 2, 'GID', NULL, NULL, NULL, 897326, NULL),
(9, 6, 'BAR', NULL, NULL, NULL, 822796, NULL),
(10, 1, 'DC ', NULL, NULL, NULL, 519574, NULL),
(11, 7, 'L-c', NULL, NULL, NULL, 603634, NULL),
(12, 4, 'UNI', NULL, NULL, NULL, 251115, NULL),
(13, 1, 'UNI', NULL, NULL, NULL, 381877, NULL),
(14, 1, 'BRE', NULL, NULL, NULL, 948296, NULL),
(15, 1, 'BRE', NULL, NULL, NULL, 436944, NULL),
(16, 1, 'BRE', NULL, NULL, NULL, 481758, NULL),
(17, 2, 'BRE', NULL, NULL, NULL, 647470, NULL),
(18, 2, 'RYA', NULL, NULL, NULL, 726670, NULL),
(19, 1, 'MAX', NULL, NULL, NULL, 520403, NULL),
(20, 4, 'NOV/SAV', NULL, NULL, '2022-07-14 01:03:24pm', 949796, NULL),
(21, 1, 'Abc', NULL, NULL, NULL, 984706, NULL),
(22, 1, 'Mcb', NULL, NULL, NULL, 618608, NULL),
(23, 4, 'LIN', NULL, NULL, NULL, 297358, NULL),
(24, 1, 'BES', NULL, NULL, NULL, 618782, NULL),
(25, 1, 'K B', NULL, NULL, NULL, 984103, NULL),
(26, 1, 'BRE', NULL, NULL, NULL, 515097, NULL),
(27, 1, 'JOE', NULL, NULL, NULL, 626175, NULL),
(28, 2, 'OMA', NULL, NULL, NULL, 463006, NULL),
(29, 1, 'STE', NULL, NULL, NULL, 723795, NULL),
(31, 1, 'BES', NULL, NULL, NULL, 563554, NULL),
(32, 1, 'LIN', NULL, NULL, NULL, 811193, NULL),
(33, 1, 'Que', NULL, NULL, NULL, 715676, NULL),
(34, 1, 'Dal', NULL, NULL, NULL, 610240, NULL),
(35, 2, 'PFS', NULL, NULL, '2022-08-31 07:35:42am', 570826, NULL),
(36, 1, 'Lin', NULL, NULL, NULL, 392986, NULL),
(37, 1, 'Lin', NULL, NULL, NULL, 137093, NULL),
(38, 3, 'Joe', NULL, NULL, NULL, 764459, NULL),
(39, 4, 'Sof', NULL, NULL, NULL, 381272, NULL),
(40, 2, 'Lin', NULL, NULL, NULL, 474308, NULL),
(41, 2, 'Pak', NULL, NULL, NULL, 994529, NULL),
(42, 1, 'Sta', NULL, NULL, NULL, 200776, NULL),
(43, 1, 'Tru', NULL, NULL, NULL, 548706, NULL),
(44, 1, 'Can', NULL, NULL, NULL, 898101, NULL),
(45, 1, 'Cas', NULL, NULL, NULL, 451923, NULL),
(46, 2, '3022010001', NULL, NULL, '2023-05-29 10:46:06am', 473858, NULL),
(47, 2, 'Pak', NULL, NULL, NULL, 169954, NULL),
(48, 1, 'Kwa', NULL, NULL, NULL, 379999, NULL),
(49, 24, 'GRE', NULL, NULL, '2024-04-26 11:55:03am', 340059, NULL),
(50, 1, 'Max', NULL, NULL, NULL, 197163, NULL),
(51, 2, 'Max', NULL, NULL, NULL, 518163, NULL),
(52, 1, 'Lin', NULL, NULL, NULL, 929764, NULL),
(53, 1, 'Sta', NULL, NULL, NULL, 267680, NULL),
(54, 1, 'Bes', NULL, NULL, NULL, 371265, NULL),
(55, 1, 'Lar', NULL, NULL, NULL, 933642, NULL),
(56, 3, 'Eph', NULL, NULL, NULL, 377586, NULL),
(57, 3, 'Eff', NULL, NULL, NULL, 961704, NULL),
(58, 6, 'Bre', NULL, NULL, NULL, 516448, NULL),
(59, 1, 'Bre', NULL, NULL, NULL, 558404, NULL),
(60, 2, 'Bar', NULL, NULL, NULL, 499047, NULL),
(61, 82, 'U-N', NULL, NULL, NULL, 270530, NULL),
(62, 1, 'Lin', NULL, NULL, NULL, 751991, NULL),
(63, 1, 'iTe', NULL, NULL, NULL, 598200, NULL),
(64, 3, 'And', NULL, NULL, NULL, 352648, NULL);

-- --------------------------------------------------------

--
-- Table structure for table `account_tb`
--

CREATE TABLE `account_tb` (
  `ID` int NOT NULL,
  `PRODUCT_ID` int DEFAULT NULL,
  `CLIENT_ID` bigint DEFAULT NULL,
  `ACCOUNT_NO` varchar(255) DEFAULT NULL,
  `SUBSCRIPTION` varchar(200) DEFAULT NULL,
  `ACC_STATUS` varchar(5) DEFAULT NULL,
  `SMS_STATUS` varchar(5) DEFAULT NULL,
  `DESCRIPTION` varchar(255) NOT NULL,
  `DATE_CREATED` varchar(100) DEFAULT NULL,
  `DATE_MODIFIED` varchar(50) DEFAULT NULL,
  `CCODE` int DEFAULT NULL,
  `HCODE` longtext
) ENGINE=MyISAM DEFAULT CHARSET=latin1;

-- --------------------------------------------------------

--
-- Table structure for table `acc_status_tb`
--

CREATE TABLE `acc_status_tb` (
  `ID` int NOT NULL,
  `DESCRIPTION` varchar(200) NOT NULL
) ENGINE=MyISAM DEFAULT CHARSET=utf8mb3;

--
-- Dumping data for table `acc_status_tb`
--

INSERT INTO `acc_status_tb` (`ID`, `DESCRIPTION`) VALUES
(1, 'Has account'),
(2, 'No account');

-- --------------------------------------------------------

--
-- Table structure for table `activation_tb`
--

CREATE TABLE `activation_tb` (
  `ID` int NOT NULL,
  `NEXT_DATE` varchar(50) DEFAULT NULL,
  `USED_CODE` longtext,
  `DATE_CREATED` timestamp NOT NULL DEFAULT CURRENT_TIMESTAMP ON UPDATE CURRENT_TIMESTAMP,
  `DATE_MODIFIED` varchar(50) DEFAULT NULL,
  `CCODE` int NOT NULL,
  `HCODE` longtext NOT NULL
) ENGINE=InnoDB DEFAULT CHARSET=utf8mb3;

--
-- Dumping data for table `activation_tb`
--

INSERT INTO `activation_tb` (`ID`, `NEXT_DATE`, `USED_CODE`, `DATE_CREATED`, `DATE_MODIFIED`, `CCODE`, `HCODE`) VALUES
(1, '2024-02-03', '8790676055', '2024-02-03 22:20:55', NULL, 233211, '5a32a97e508e474d757559ecd9d13817'),
(2, '2022-06-12 15:56:06', 'af1585cc6e60a1a4572c9dcb9eede80157205d1d524844790d789399c34b94da410b77af9ae15ee098240776d0a72b7478021be7feac581f92530bfec886cf4e', '2022-06-29 04:03:50', '2022-06-29 03:58:58', 603870, 'kdkajkdfjafnlkieruikdakljakslnbijij'),
(3, '2022-07-14', '790a9a78432e7781e9b27d287e79a8be03a6f9d7', '2022-07-14 00:00:00', '2022-07-14', 520403, 'd5ca6e56e08ff907ad46ec0b60095e47302c897e'),
(4, '2022-08-29', '7846489535', '2022-08-29 11:17:39', '2022-07-14', 949796, '7739b7482e1e72515bf29a6ecfa447d58f7288a3'),
(5, '2022-07-15', 'b7fa25bc87128e29208ae2c3e61d4cb55733b863', '2022-07-15 00:00:00', '2022-07-15', 984706, '8e0b2e30a59edc29f9c1d043062d113d87d4e387'),
(6, '2022-07-15', '4a9fb47cdfbf68360ae624c67d3ad8a7d9593fd1', '2022-07-15 00:00:00', '2022-07-15', 618608, '0ab05143e9873610218e0fb98b11f4daf6bcbedb'),
(7, '2022-07-15', '882bece5d1166d911d182cc9c455c97f7a819906', '2022-07-15 00:00:00', '2022-07-15', 297358, '5309a0a003b9a5b627f62529a1d14ecc9901ff74'),
(8, '2022-07-15', '0fdd642ea5183e901422ef0bc00b2712806f5e09', '2022-07-15 00:00:00', '2022-07-15', 618782, '73224e5cda3cce0683c43bb94e656cf5bdc5679c'),
(9, '2022-07-15', 'f5cec5d2c0f0e783524ad944339a07459711f15d', '2022-07-15 00:00:00', '2022-07-15', 984103, 'd49e7ba768c063668d71f3477d00a62204dd0fbc'),
(10, '2022-07-15', '98a8ca301a974a991345014d3544240bdee39f87', '2022-07-15 00:00:00', '2022-07-15', 515097, 'c1be9aedf2153e60327e4139aa6dbc516e1d1519'),
(11, '2022-07-15', 'f00eb441362ce832ad4dbac0b9f56728b12a5194', '2022-07-15 00:00:00', '2022-07-15', 626175, 'f3579ffdeaa5c7970194dd807659d271aec52ba9'),
(12, '2022-07-15', '1cd6ec64850b2305c714297d4190be291d14819e', '2022-07-15 00:00:00', '2022-07-15', 463006, 'a5d122bc01760dfcb4cbf1e3718114e5f47c4d3c'),
(13, '2022-07-15', 'ecb07e89e77611f8a9c238a8940ef018a6b43a05', '2022-07-15 00:00:00', '2022-07-15', 723795, '8fb68be00f1726d488f58995f792098da50ce66d'),
(15, '2022-07-15', '8450e2e071c72a044a9e4e52cd8ef5fce7c8af1a', '2022-07-15 00:00:00', '2022-07-15', 563554, 'eecf4cb1173bb4c391bc6b8165693bf267a30637'),
(16, '2022-07-15', '2b5b34b9a9a769aea3e73f458933df85561ba561', '2022-07-15 00:00:00', '2022-07-15', 811193, '657476da900a9c7e041d940dea1bb0057e603280'),
(17, '2022-08-09', '011f650ee6a55c8e9aaffa72500670880e43e276', '2022-08-09 00:00:00', '2022-08-09', 715676, '89c4ba72307d26eca78d96e5c3895fea288940f5'),
(18, '2022-08-23', 'd363230680229736819eb420ff5fba56ca5b66b9', '2022-08-23 00:00:00', '2022-08-23', 610240, 'c7f0e7f0341fb502b307501248c3ea0a226093f4'),
(19, '2023-10-26', '4748315730', '2023-10-26 08:48:43', '2022-08-29', 570826, '257254ade87e1d741edcca401976820f4872a0e7'),
(20, '2022-09-13', 'a47dcccc37e33d502e0b3450096d802945869a25', '2022-09-13 00:00:00', '2022-09-13', 392986, '680bc59b31794aa53e04044c468028a467ea9a1b'),
(21, '2022-09-13', 'f3c87548df71ba5019264bf5593c86ed9d2447dd', '2022-09-13 00:00:00', '2022-09-13', 137093, 'c00bab4288f370d5a11ada70f690de11c72ef332'),
(22, '2022-09-13', 'd28e50ff08cda2c6893c99efcb63a3be034e0600', '2022-09-13 00:00:00', '2022-09-13', 764459, '17c5da2410404b9a9c134c92cea105bb54d47701'),
(23, '2022-09-13', 'fd26fe34b9a1de7b4615a6c37c6713b3885518c1', '2022-09-13 00:00:00', '2022-09-13', 381272, 'e9020a4b3828465a27f236208e8122a986a11d33'),
(24, '2022-09-16', '1ea743e92693f3d549b6b38486ae0c47b477f6c4', '2022-09-16 00:00:00', '2022-09-16', 474308, '0299f8ddc25551a1024121a5d1801984df959111'),
(25, '2022-10-04', '8790676055', '2022-10-04 03:53:10', '2022-09-21', 994529, 'c32c381f237e72f3541c95816ff12375266b3fd9'),
(26, '2022-10-11', '1f2fd77ba865d8ec335992af2277b2ac418f67f9', '2022-10-11 00:00:00', '2022-10-11', 200776, '863d02e4edd1da726e19fd74d473391f6874c1c6'),
(27, '2022-11-06', 'b66d5ca1e4b5645133288bd93c0b63a005797ad1', '2022-11-06 00:00:00', '2022-11-06', 548706, 'b236a8701f53f36bcf836bcfcd01a9f07c5b7c09'),
(28, '2023-03-06', '7d86f9fe95ae379b8635a30e0f14aad47412ff96', '2023-03-06 00:00:00', '2023-03-06', 898101, '0d1e5bc43ec3940edc3a936b7ee4c96cc9357836'),
(29, '2023-04-23', '531653b41fa9bb2f66f72936090f986aa16c4360', '2023-04-23 00:00:00', '2023-04-23', 451923, '59cb8eea1526ced1a235dcdbfbba5430c5cd60e6'),
(30, '2023-05-29', '17e0aa32a22677c9a0cedac2897ec8a4c058d74f', '2023-05-29 00:00:00', '2023-05-29', 473858, '692badd235a6d502d9c84dada0c0fb0876012543'),
(31, '2023-06-05', '4a1c7a34e9b82dc03165968e86e75f6527ea68ba', '2023-06-05 00:00:00', '2023-06-05', 169954, '937442d3ce3ffb65c391039c936df9247aafb1c5'),
(32, '2023-12-04', '613e5c688934e23255d0a0a00a2f86512dd9330f', '2023-12-04 00:00:00', '2023-12-04', 379999, '09381ffe03b307dc16eb04a0f507bffdf65068c6'),
(33, '2024-04-25', '16ae438c5d535b79226378b53e1cbc5f25ee88c8', '2024-04-25 00:00:00', '2024-04-25', 340059, '0a069c2273d5803914889092bcf949bc58f34f15'),
(34, '2024-06-03', 'fdfe962ad7eb55314e1ee1a76a75bc7cd6abe5d2', '2024-06-03 00:00:00', '2024-06-03', 197163, '2ec1fdcab22420344ff4963127500e55701dab43'),
(35, '2024-08-15', '54a5339f84a0960d5779e41e335acfeace0c4378', '2024-07-21 22:32:51', '2024-07-21 22:31', 518163, 'c306750b776d7f6091018445484737231cfba31e'),
(36, '2024-08-02', '11e918b522c00208e9743bf8000d7abc74203a50', '2024-07-21 23:56:14', '2024-07-21 23:56', 929764, 'a6afbb0d20604df06b3e192a9fceee2df800ed59'),
(37, '2024-06-03', '3ae950b8fe50ea1839d2e96ac9ce155a516a3089', '2024-06-03 00:00:00', '2024-06-03', 267680, 'e509865deedbf0382f5e0a11c2a05d94b9500c85'),
(38, '2024-06-03', 'e8a4cca91355084300b2140062bd5c5893e91481', '2024-06-03 00:00:00', '2024-06-03', 371265, '541d5c3f79a711f04dc143f5f73c2edc67e9070a'),
(39, '2024-08-02', '832a288d91a69a38ca44d0834424afed5527589f', '2024-07-21 22:55:47', '2024-07-21 22:55', 933642, '15260ec01e80b3f9d0362a297bb96e31e6dba562'),
(40, '2025-07-11', '3d73952ac8836fc6f3edc4f626bdc417ca0e5cff', '2024-07-21 23:01:48', '2024-07-21 23:01', 377586, 'c5281e0e3f26e1bae81175bf1a6ea271670f0da0'),
(41, '2024-08-19', '4e75d11a23c5778b7a1cfdd3b9f72a857bd686b6', '2024-07-21 22:59:10', '2024-07-21 22:59', 961704, 'ac3fc849130bd5b6e477f02bf955a151c2e6280c'),
(42, '2025-07-06', '101d899998e69e34470df7e934c1a6802a08ce11', '2024-07-22 11:10:39', '2024-07-22 11:10', 516448, '78962626a9e09a95351d7676461732c3c89e73d1'),
(43, '2024-07-15', '8bf2328420f2f67d675998aa2eedb007e09bbd4c', '2024-07-15 00:00:00', '2024-07-15', 558404, '3d0fad7ccd4726bd8a9ed0ecad3de7e66e694a22'),
(44, '2025-07-18', 'd3ba75a0d51e2125d873a4e41c5f8de3a0abcfc9', '2024-07-21 23:00:41', '2024-07-21 23:00', 499047, 'a0f502a0c1875b0bc42a2e0b1b3d273a664f9a76'),
(45, '2025-01-20', '0f47dc94e5b9c5f54ecd01ee1aa21f374cb1c30e', '2024-07-24 23:01:13', '2024-07-24 23:01', 270530, 'e7f7c5e87545e89b71ce4ffaa8b120e142d85fdf'),
(46, '2024-07-19', 'e7946fe992e63ce872bfbbd27c2e5f9c3256c8bf', '2024-07-19 00:00:00', '2024-07-19', 751991, '563519ef9e49f9a97b55dc5ce194111c363bd61c'),
(47, '2025-07-23', '59310dd13a22b4a500737862b8f0450a8e97a677', '2024-07-23 12:19:05', '2024-07-23 12:19', 598200, '61a94b80c495d773d32dcafc76f8fe58fe4d137b'),
(48, '2024-07-31', '8569ea86271b18dcb720bc7f649be5fc93598d2a', '2024-07-31 00:00:00', '2024-07-31', 352648, '1af8c889a27ffa96816c4d9873f0252ea9a6587c');

-- --------------------------------------------------------

--
-- Table structure for table `activity_tb`
--

CREATE TABLE `activity_tb` (
  `ID` int NOT NULL,
  `USERNAME` varchar(200) NOT NULL,
  `PASSWORD` varchar(100) NOT NULL,
  `ACTIVITY` varchar(100) NOT NULL,
  `IPADDRESS` varchar(200) DEFAULT NULL,
  `LOCATION` varchar(100) DEFAULT NULL,
  `OS` varchar(200) NOT NULL,
  `DEVICE_TYPE` varchar(200) NOT NULL,
  `RESULT` varchar(50) NOT NULL,
  `DATE_CREATED` timestamp NOT NULL DEFAULT CURRENT_TIMESTAMP ON UPDATE CURRENT_TIMESTAMP,
  `CCODE` int NOT NULL
) ENGINE=MyISAM DEFAULT CHARSET=utf8mb3;

--
-- Dumping data for table `activity_tb`
--

INSERT INTO `activity_tb` (`ID`, `USERNAME`, `PASSWORD`, `ACTIVITY`, `IPADDRESS`, `LOCATION`, `OS`, `DEVICE_TYPE`, `RESULT`, `DATE_CREATED`, `CCODE`) VALUES
(1, 'Linkseng', 'ec44cec0323bdbc41a3b62086a0f0cec591a371b', 'login', '154.161.168.157', '000, 000', 'LINUX', 'Desktop', 'success', '2024-08-05 13:46:29', 340059),
(2, 'BERLYNDA', 'c67e7cb9079c8a21147e53293f9fa40d043a33ae', 'login', '154.161.12.125', '000, 000', 'LINUX', 'Desktop', 'success', '2024-08-05 14:54:56', 340059),
(3, 'Linkseng', 'ec44cec0323bdbc41a3b62086a0f0cec591a371b', 'login', '154.161.168.157', '000, 000', 'LINUX', 'Desktop', 'success', '2024-08-05 15:02:11', 340059),
(4, 'Linkseng', 'ec44cec0323bdbc41a3b62086a0f0cec591a371b', 'login', '154.161.168.157', '000, 000', 'LINUX', 'Desktop', 'success', '2024-08-05 17:05:18', 340059),
(5, 'BERLYNDA', 'c67e7cb9079c8a21147e53293f9fa40d043a33ae', 'login', '154.161.12.125', '000, 000', 'LINUX', 'Desktop', 'success', '2024-08-05 17:40:01', 340059),
(6, 'Linkseng', 'ec44cec0323bdbc41a3b62086a0f0cec591a371b', 'login', '154.161.168.157', '000, 000', 'LINUX', 'Desktop', 'success', '2024-08-05 19:42:03', 340059),
(7, 'Linkseng', 'ec44cec0323bdbc41a3b62086a0f0cec591a371b', 'login', '154.161.168.157', '000, 000', 'LINUX', 'Desktop', 'success', '2024-08-05 19:42:03', 340059),
(8, 'BERLYNDA', '962ec64022ac7838e7c01479b93a6bc6d984384a', 'login', '127.0.0.1', '000, 000', 'DARWIN', 'Desktop', 'failed', '2024-08-06 10:16:05', 0),
(9, 'BERLYNDA', '962ec64022ac7838e7c01479b93a6bc6d984384a', 'login', '127.0.0.1', '000, 000', 'DARWIN', 'Desktop', 'failed', '2024-08-06 10:16:10', 0),
(10, 'BERLYNDA', '962ec64022ac7838e7c01479b93a6bc6d984384a', 'login', '127.0.0.1', '000, 000', 'DARWIN', 'Desktop', 'failed', '2024-08-06 10:17:13', 0),
(11, 'Linkseng', 'ec44cec0323bdbc41a3b62086a0f0cec591a371b', 'login', '127.0.0.1', '000, 000', 'DARWIN', 'Desktop', 'success', '2024-08-06 10:17:20', 340059),
(12, 'BERLYNDA', '962ec64022ac7838e7c01479b93a6bc6d984384a', 'login', '127.0.0.1', '000, 000', 'DARWIN', 'Desktop', 'failed', '2024-08-06 11:10:43', 0),
(13, 'Linkseng', 'ec44cec0323bdbc41a3b62086a0f0cec591a371b', 'login', '127.0.0.1', '000, 000', 'DARWIN', 'Desktop', 'success', '2024-08-06 11:10:50', 340059);

-- --------------------------------------------------------

--
-- Table structure for table `admin_tb`
--

CREATE TABLE `admin_tb` (
  `ID` int NOT NULL,
  `UID` int DEFAULT NULL,
  `CODE` int NOT NULL,
  `USERNAME` varchar(200) NOT NULL,
  `PASSWORD` varchar(200) NOT NULL,
  `SURNAME` varchar(200) NOT NULL,
  `OTHERNAME` varchar(15) NOT NULL,
  `CONTACT` varchar(255) NOT NULL,
  `COMPANY` varchar(200) DEFAULT NULL,
  `TYPE` varchar(200) DEFAULT NULL,
  `USER_ROLE` int DEFAULT NULL,
  `STATUS_ID` varchar(10) DEFAULT NULL,
  `DATE_CREATED` varchar(50) NOT NULL DEFAULT 'CURRENT_TIMESTAMP',
  `DATE_MODIFIED` varchar(100) DEFAULT NULL,
  `CCODE` int NOT NULL,
  `HCODE` longtext NOT NULL
) ENGINE=InnoDB DEFAULT CHARSET=utf8mb3;

--
-- Dumping data for table `admin_tb`
--

INSERT INTO `admin_tb` (`ID`, `UID`, `CODE`, `USERNAME`, `PASSWORD`, `SURNAME`, `OTHERNAME`, `CONTACT`, `COMPANY`, `TYPE`, `USER_ROLE`, `STATUS_ID`, `DATE_CREATED`, `DATE_MODIFIED`, `CCODE`, `HCODE`) VALUES
(1, NULL, 781795, 'Admin', 'd32fc5af074b754504a83697e039d3b46589bc0b', 'SUSU', 'ABI', '0240563565', NULL, '', 1, '1', '2022-07-01', '2022-07-01', 104565, 'ece801b60501f3083dbf5d0a70c9d7e55254f3f9'),
(2, NULL, 365214, 'Admin', 'ba19ab8c7d384f8648acad24099127cab4b6b726', 'Kwesi', 'Nyarko', '0247058668', NULL, '', 1, '1', '2022-06-28 16:36:45', '2022-06-28 04:36:45pm', 104565, '5454544adfafdafa5xxjdkddjdfd5ddddgfg54545'),
(3, NULL, 223039, 'Admin', 'c84f94fbe6532cee4b334d11bd53cf12838881d9', 'Asamoah', 'Kofi', '0247885588', NULL, '', 1, '1', '2022-07-01', '2022-07-01', 604996, 'f52ff589588ba6bb03131132512cd1d204072f6d'),
(4, NULL, 920682, 'Admin', 'dacfb19cbdadb1980991a452a10d182722d0f6a6', 'MENSAH', 'KOFI', '0247885500', NULL, '', 1, '1', '2022-07-01', '2022-07-01', 616561, 'bf36230823d5d077761b265954215bc0038d9845'),
(5, NULL, 201515, 'Admin', 'e0ee96bd4c8740df699ab48481250b155f3102f9', 'Brempong', 'Kwesi', '+233247058668', NULL, '', 1, '1', '2022-07-01', '2022-07-01', 897326, '95afcb234d046e24559e0adc1eb3ff239d591d12'),
(7, NULL, 326800, 'Admin', '0bed627bf5cbfb81c25a515612d3723ce7942155', 'DERRICK', 'ANTWI', '+233247586435', NULL, '', 1, '1', '2022-07-03', '2022-07-03', 519574, 'beb31b697a50f5e4368bd7ca1057eee0d405aa97'),
(8, NULL, 241799, 'Admin', '406a9dfa9679c335abfed594ba4ed1139778606e', 'Louis', 'Naj', '0555547984', NULL, '', 1, '1', '2022-07-06', '2022-07-06', 603634, '025e47bcc85a43ef9c11f6f788d598976f0772f1'),
(9, NULL, 740415, 'user1', 'ff84a3aefab0910791330d7c96121cd82540d50f', 'lam', 'naj', '45534543', NULL, '', 2, '1', '2022-07-06 21:26:11', '2022-07-06 21:26:11', 603634, '83fe0e8dc62250c91612973b0f46f194e1097583'),
(10, NULL, 985980, 'user2', '71043d7aa5cbcd3b5c4a6e0f6a97aab3ef102e85', 'la', 'naj', '45534899', NULL, '', 2, '1', '2022-07-06 21:26:58', '2022-07-12 09:02:44pm', 603634, '14e5b86eceae9c999447375573de4721c91eef3e'),
(11, NULL, 586652, 'Admin', '82096679bddfe4151a99eefd364db1ff4c5d96d0', 'Eugene', 'Anane', '0256496680', NULL, '', 1, '1', '2022-07-10', '2022-07-10', 251115, 'd8dab691be16cecef6bef3412dd12c26882d5db8'),
(12, NULL, 507980, 'Kraftman', 'c15df0fc286edeeaac8210ffa5934f24afd78c7b', 'Lamptey', 'Samuel', '0256496680', NULL, '', 5, '1', '2022-07-11 10:51:01', '2022-07-11 10:51:01', 251115, '3e5ab71fe594bb6d1c274c44063c7d54c0ac9b21'),
(13, NULL, 208826, 'Gaby', 'c15df0fc286edeeaac8210ffa5934f24afd78c7b', 'Nyarkoh', 'Gabriel', '0597327608', NULL, '', 1, '1', '2022-07-11 10:52:26', '2022-07-11 10:52:26', 251115, '9b44f1ad7c0c5b7d302db32a61f93a3b7c524c25'),
(14, NULL, 629395, 'Andrew', 'c15df0fc286edeeaac8210ffa5934f24afd78c7b', 'Anane', 'Andrew', '0541526077', NULL, '', 3, '1', '2022-07-11 11:00:33', '2022-07-11 11:00:33', 251115, '118c1029d26943492304a5901db71830e9edf1cd'),
(15, NULL, 522068, 'Admin', '6ca2ab2b33082b53fa0ba4fe86ede08ac274a407', 'Eugene', 'Anane', '0256496680', NULL, '', 1, '1', '2022-07-11', '2022-07-11', 381877, 'a8493e43b1e640de12b569f97a3598386952cbb7'),
(16, NULL, 504916, 'llll', '5b64f90e7e172e7d442c083812b7206e40500cef', 'kkk', 'lll', '0555547984', NULL, '', 5, '1', '2022-07-12 15:27:44', '2022-07-12 15:27:44', 603634, 'd1208d473475a5b8378253b9c14799411de23cc0'),
(17, NULL, 668620, 'kwakye01', 'd9ae2937e3fe4d66a7dc38144539f316e3b27e6e', 'Kwakye', 'Yaw', '0245110022', NULL, '', 1, '1', '2022-07-12 22:29:24', '2022-07-12 22:29:24', 822796, 'e18b07e2d1f50c8486631742900f10b313431a82'),
(18, NULL, 936750, 'agent01', 'd9ae2937e3fe4d66a7dc38144539f316e3b27e6e', 'Brempong', 'Joe', '0247058668', NULL, '', 5, '1', '2022-07-12 22:39:55', '2022-07-12 22:39:55', 822796, 'bd0c02e8ec7018804106fe5420e40ac08b1b66e5'),
(19, NULL, 855516, 'Admin', '1acaf3cd202190215961a6e26903e6d008d54b3a', 'Brempong', 'Joe', '0247058668', NULL, '', 1, '1', '2022-07-13', '2022-07-13', 948296, '1bfee9c07cda32d2c9ee4b1d0d1de7406e83d3c5'),
(20, NULL, 200507, 'Admin', 'bafc01f82b17ea81e817fdfcde34412917da3037', 'Brempong', 'Joe', '0247058668', NULL, '', 1, '1', '2022-07-13', '2022-07-13', 436944, 'cf99f39eb6647a13f24068736deb14107e305ecc'),
(21, NULL, 474806, 'Admin', '1b81814b1c93d57508e2d13b59e51f76105aa09c', 'Brempong', 'Joe', '0247058668', NULL, '', 1, '1', '2022-07-13', '2022-07-13', 481758, '682a400135f6d395eba374cf596fd5ae7f6d5378'),
(22, NULL, 392273, 'Admin', '751ec38ba435f8873d749add634a5375791478e4', 'Brempong', 'Joe', '0247058668', NULL, '', 1, '1', '2022-07-13', '2022-07-13', 647470, 'd585ee455acb3439172e8eb0ff098a0a1b3cfcbc'),
(23, NULL, 790285, 'Agent01', 'd9ae2937e3fe4d66a7dc38144539f316e3b27e6e', 'Kwaku', 'Frimpong', '0246562200', NULL, '', 5, '1', '2022-07-13 01:03:19', '2022-07-13 01:03:19', 647470, 'ab6787084edeb87f6c1a1650940e2847c57184d9'),
(25, NULL, 714860, 'Admin', 'bdc3ce0fcd4e1b6cea29f0faba8cb9f9afd44530', 'Barrigah', 'Ryan', '0541397813', NULL, '', 1, '1', '2022-07-13', '2022-07-13', 726670, '20ba09f4be1ec34781d63477f27cc67b01fe0c5b'),
(26, NULL, 807987, 'Admin', 'c2d8c53869bf2e76b9dbf06f545c34a56d96a66f', '', 'Able', '0507969859', NULL, '', 1, '1', '2022-07-14', '2022-07-14', 292381, '7ed347e615c30033daaffdc1dc61c04d6fbd78da'),
(27, NULL, 769917, 'Admin', '7b00a3fb9a428325e4f2ed8eef129c7b213afdc9', '', 'Able', '0507969859', NULL, '', 1, '1', '2022-07-14', '2022-07-14', 283198, '26a3f7baa7daeb9ae5912c345eef0c2dde878824'),
(28, NULL, 418598, 'Admin', '861b84b762cebb73746bef7d9434ead32efd756d', 'Brempong', 'Joseph', '0247058668', NULL, '', 1, '1', '2022-07-14', '2022-07-14', 879432, '646582c99a99c92a1a7382dd211bc35ca55d0e7e'),
(29, NULL, 858008, 'Admin', '7eb449e7eee49d5e1fd5cebaa344f02a055072ff', 'KWASI', 'BREMPONG', '0247058668', NULL, '', 1, '1', '2022-07-14', '2022-07-14', 510808, '125778905177e284bc7f9d2ee435384fd047f19c'),
(30, NULL, 723531, 'Admin', '067c34cb0b4d9b8b8d2d39aef50314be50d2b407', 'Kwasi', 'Maxwell', '0247058668', NULL, '', 1, '1', '2022-07-14', '2022-07-14', 195570, 'd6ecf000dcd5a8aa961b2fa39a3ee93ab2fe2af5'),
(31, NULL, 641043, 'Admin', '5c74c2e7b71f981ac53406e58873e75ca08180ca', 'Links', 'Maxwell', '0247058668', NULL, '', 1, '1', '2022-07-14', '2022-07-14', 970504, 'a9fa67bba85835a32da031580da3422adefa6d0f'),
(32, NULL, 589433, 'Admin', 'd0e8d2f0d0b686bd039e194c264dba3fc4c01fdc', 'Links', 'Max', '0247058668', NULL, '', 1, '1', '2022-07-14', '2022-07-14', 520403, '472467f708ced5e7a1573d51017232592fcdfafb'),
(33, NULL, 769406, 'Linkseng', 'd9ae2937e3fe4d66a7dc38144539f316e3b27e6e', 'Maxwell', 'Joe', '0247058668', NULL, '', 1, '1', '2022-07-14', '2022-07-15 10:00:30am', 949796, '6b29e063e8fb2fba10b573d0c67de5960930821f'),
(34, NULL, 607403, 'Admin', 'bef5f55f9080b1ef59dc0710dad98e8f8ca4fd74', '101', 'Client', '0240641163', NULL, '', 1, '1', '2022-07-15', '2022-07-15', 984706, '48e878f0fa65ecca4934cd72e9a75c201448d279'),
(35, NULL, 614090, 'Admin', '0d0f12c7dae8450b9605983b30bace388b701050', 'Asare', 'John', '0559633463', NULL, '', 1, '1', '2022-07-15', '2022-07-15', 618608, '4fa502604bf1ce5755cfcd6279b369b70d5b3aa1'),
(36, NULL, 771829, 'Admin', '5628796f411b0967bc31e1a65a690ebc1766c172', 'Links', 'Joe', '0247058668', NULL, '', 1, '1', '2022-07-15', '2022-07-15', 297358, '4e5f3ab22daf446f4ae110fa01354881fd6a8f0c'),
(37, NULL, 382519, 'Admin', 'a6d668ec64aea8adf2d1a54533a3443d4aad4186', 'Nyarko', 'Kwasi', '0247058668', NULL, '', 1, '1', '2022-07-15', '2022-07-15', 618782, '512f9efb5358461629f882e6d4eeda806097cda1'),
(38, NULL, 899934, 'Admin', 'fe435a3d40933eda6848c66339159cd28855fcef', 'Brempong', 'Kwasi', '0247058668', NULL, '', 1, '1', '2022-07-15', '2022-07-15', 984103, '65ab282cee82755ec32f30cfaf02526d7103cf46'),
(39, NULL, 394653, 'Admin', '755f0fad0b41466bdd2245ba1feb18bceb351b41', 'Nyarko', 'Brempong', '0247058668', NULL, '', 1, '1', '2022-07-15', '2022-07-15', 515097, 'db70ee40934bdedcfba97d0e5e33152f25073b4f'),
(40, NULL, 731920, 'Admin', '03d96e0ab321bebf924dcf8abccf8fe2c3f02d5b', 'MAXIM', 'JOE', '0247058668', NULL, '', 1, '1', '2022-07-15', '2022-07-15', 626175, '3892e4a7292e751c4b873dbbad7e845e00262640'),
(41, NULL, 389333, 'Spoony', 'e5905d8783618cab1da5c757c2884309d95a895e', 'Asare', 'Alex', '0240781654', NULL, '', 5, '1', '2022-07-15 12:27:38', '2022-07-15 12:27:38', 297358, '5792aa62f7d662fb31940dcd4e2366d4e996fba6'),
(42, NULL, 654839, 'Admin', 'd7466ccecb225be5907c67811e5116b797b7e4e0', 'Nyarko', 'Brempong', '0247058668', NULL, '', 1, '1', '2022-07-15', '2022-07-15', 463006, '87c0c9d55a81dd471e911284e7c0bd85edfca0bf'),
(43, NULL, 665850, 'Admin', '0894585e702a1f2196ae82589280655d3d337042', 'Samuel', 'Boadu', '0244228530', NULL, '', 1, '1', '2022-07-15', '2022-07-15', 723795, 'aae4f759e9f2f820c98645a2659d3632b2856358'),
(44, NULL, 745450, 'Director', 'ec44cec0323bdbc41a3b62086a0f0cec591a371b', 'Samuel', 'Boadu', '0244228530', NULL, '', 1, '1', '2022-07-15', '2022-07-15', 233211, '3fdffde97a1bab98752bb11a3177d9115c05e625'),
(45, NULL, 364876, 'proflinksgh', '73d956609f0e86d15f23f5618d813999be1aadde', 'Wise', 'Joe', '0247058668', NULL, '', 1, '1', '2022-07-15', '2022-07-15', 563554, '408f865eb1a7f9b7ce3c127bc30e60929e84090e'),
(46, NULL, 154414, 'Admin', '8a50f365e787ff5414fc690db670d8fbbfafbb29', 'Nyarko', 'Joe', '0247058668', NULL, '', 1, '1', '2022-07-15', '2022-07-15', 811193, 'f15a127b236f8bf163512907f34d76af87ba2082'),
(47, NULL, 904845, 'Agent01', 'de6ab6de7cf1b52db5d746d3c1de36e1b3d192ee', 'Ahorsu', 'Sylvia', '0542944859', NULL, '', 5, '1', '2022-07-15 20:38:08', '2022-07-15 20:38:08', 233211, '570975184bcf62772ccd810f900a62399a4396e5'),
(48, NULL, 235897, 'Agent02', 'f51339e68da96b70fe3504d44b050686e8923f8f', 'Pamela', 'Whyte', '0244696969', NULL, '', 3, '1', '2022-07-19 21:24:17', '2022-07-19 21:24:17', 233211, 'bc78f7686b37fd07845cc030babad8e4adc4d207'),
(49, NULL, 454004, 'Admin', '96d309755f9591d11867e4ea048e0e0682b37bac', 'Otoo', 'Deborah', '0556961312', NULL, '', 1, '1', '2022-08-09', '2022-08-09', 715676, '066363f06da7898f5f389eb0a986be95f706d826'),
(50, NULL, 354935, 'Admin', '802101fe80f7dec5a317e51fa88d5b35b41cf86f', 'Samuel', 'Agbo', '0557199309', NULL, '', 1, '1', '2022-08-23', '2022-08-23', 610240, 'cc8b01cd4b5fe4ecdb14f1842418bf65033d9800'),
(51, NULL, 849256, 'Admin', 'af8dbeb9649dfb76578661b7ac99aef42a678c00', 'AMOAKO', 'PRINCE', '0247201042', NULL, '', 1, '1', '2022-08-29', '2022-08-29', 570826, 'e551cb64693727c81ce3f9c89d8ff4e25f632ba8'),
(52, NULL, 368006, 'Admin', '17ded57f40e2b178981819aa0458e47b20bff469', 'Maxwell', 'Joe', '0247058668', NULL, '', 1, '1', '2022-09-13', '2022-09-13', 392986, '07f8ccebbf8de87aa6aa5c65c88ed78193bb6b33'),
(53, NULL, 371706, 'Admin', '47c941e19424034d11f09d65deb26b05bd5276a9', 'Joe', 'Links', '0247058668', NULL, '', 1, '1', '2022-09-13', '2022-09-13', 137093, '2d66c1c9d148ac908a21637575e5149727187392'),
(54, NULL, 884193, 'Admin', 'adb027c6c36a7954d8ef4a8ed10e62a12bb8fa3c', 'Joe', 'Maxwell', '0247058668', NULL, '', 1, '1', '2022-09-13', '2022-09-13', 764459, '8ee79b49b4c0713d1b456f86ec17f335f199fa39'),
(55, NULL, 654346, 'Admin', '29dd6ab1d92f5540d0ea3920eebcd9581cd5d373', 'Otabil', 'Bievenim', '0243803348', NULL, '', 1, '1', '2022-09-13', '2022-09-13', 381272, 'bcf2d39455208ac08ecd24b2ee0358558f7ff52a'),
(57, NULL, 906315, 'Admin', '30d26d133cc67edd3892a7aac4f99737d9e718cd', 'Nyarko', 'Joseph', '0247058668', NULL, '', 1, '1', '2022-09-16', '2022-09-16', 474308, '3b77214759bf8a0c64fd6ef8050c70e4e14ef35e'),
(58, NULL, 945088, 'Admin', 'c42c83dd699525d6748f1df174d64d7f4a3450e1', 'Kofi', 'Andrew', '0201772311', NULL, '', 1, '1', '2022-09-21', '2022-09-21', 994529, '1d8a145aa9021198b51cdabf80e417e3bb945d4d'),
(59, NULL, 264620, 'Admin', '40b935253e444150bcf80a2a01a6df5e7dc634b3', 'Romeo', 'Richard', '0559104640', NULL, '', 1, '1', '2022-10-11', '2022-10-11', 200776, '53657c8fe68c9b39f433aa650e4b768537a7c835'),
(60, NULL, 603943, 'Admin', '3a2ad98e4f6b0e51e32861750d27318e75a60dcb', 'Fuakye', 'Evans', '0208332233', NULL, '', 1, '1', '2022-11-06', '2022-11-06', 548706, '550e721a3ecffba3331e62d0b67974a48b7fd68d'),
(61, NULL, 145802, 'Admin', 'e562ce00254d91863af6a6393371b8c4c1f0ce4d', 'Atanga', 'Foster', '0540172716', NULL, '', 1, '1', '2023-03-06', '2023-03-06', 898101, '86dbe0e0d258a976bda85a42de4f501e457cf72e'),
(62, NULL, 442556, 'Admin', '8748c9bc86a717a9a8b89e7bc4aad3bd3ad5ceb4', 'Boadu', 'Yaw', '0551780523', NULL, '', 1, '1', '2023-04-23', '2023-04-23', 451923, '4044ebebcee96c71c049112f0490910d197dac2e'),
(63, NULL, 378012, 'Admin', 'bdfa97bab93d4d4c8c3729673ebe045cf73924e9', 'Frempong', 'Francis', '0504311362', NULL, '', 1, '1', '2023-05-29', '2023-05-29', 473858, 'ac6c558faeae8e258ac0b8321d28a8fd0ed6ba71'),
(64, NULL, 300985, 'PATRICK', 'f4af8db01eca860adfda6315c1da0a005a832757', 'LANZO', 'PATRICK', '233549521977', NULL, '', 5, '1', '2023-05-29 14:34:13', '2023-05-29 14:34:13', 473858, '14eaf9d8ab516ab28f5739f44971c0ec854fe607'),
(65, NULL, 947953, 'Admin', '3a359c854539128980c6f36ec22586f33ddac0a5', 'Kofi', 'Andrew', '0556296422', NULL, '', 1, '1', '2023-06-05', '2023-06-05', 169954, '749691077b33a673c1f50ccbf5258ec877df9eb1'),
(66, NULL, 130537, 'Admin', '8ceaef40faec22668f328081d22edf87fefbc67d', 'Brempong', 'Kwasi', '0247058668', NULL, '', 1, '1', '2023-12-04', '2023-12-04', 379999, 'f33ed0e6dbe9070e872af17bf8f3075e3db43bc9'),
(67, NULL, 594285, 'paka', 'bf700943a1a05e70fe203a0bcb3c5e293010acc4', 'Andrew Test', 'Kofi', '0556296422', NULL, '', 5, '1', '2024-02-04 19:34:00', '2024-02-04 19:34:00', 233211, '415b21bbba91518c18cf6073b4ee6e569440deec'),
(68, NULL, 246236, 'Bigills', 'f09cf7033d5aed6aff04b64177e9a3a10f692ea7', 'Baah', 'Abigail', '0246147105', NULL, '', 5, '1', '2024-02-04 19:35:31', '2024-02-04 19:35:31', 233211, '984b7fa0aa19b34c38f1249f020ffc4f2025c064'),
(69, NULL, 520461, 'kjojo', 'e1f4b4f7486214353366cb6f44d3526610fc05c3', 'Kissi', 'Jojo', '0541397813', NULL, '', 5, '1', '2024-02-04 19:50:16', '2024-02-04 19:50:16', 233211, '9af7fa70179c3fbc5d824778eeb2c49a8839e677'),
(70, NULL, 699594, 'Manager', '5b1fe27fb882bc44ebbd5068ee4a3620a3267fef', 'KWAME', 'MICHAEL', '0541502290', NULL, '', 1, '1', '2024-04-25', '2024-04-26 01:45:01pm', 340059, 'fe8ba4a017c193ca47964ef477d29ce92ce271f4'),
(71, NULL, 680445, 'Berlynda', 'c67e7cb9079c8a21147e53293f9fa40d043a33ae', 'Abakah', 'ummi', '0243836985', NULL, '', 1, '1', '2024-04-26 13:43:52', '2024-08-02 12:07:35pm', 340059, 'f5b9bdf87ec376ba8444da3f34ca8efa9392273f'),
(72, NULL, 660546, 'Linkseng', 'ec44cec0323bdbc41a3b62086a0f0cec591a371b', 'Developer', 'account', '0247058668', NULL, '', 1, '1', '2024-05-13 20:20:43', '2024-08-01 10:22:27pm', 340059, 'b05aa16c47a208a67137192826fbe2d033fa594c'),
(73, NULL, 940492, 'Admin', 'de7981d1694c507e4261a089c52ef2a05e5281ea', 'Joe', 'Max', '0247058668', NULL, NULL, 1, '1', '2024-06-03', '2024-06-03', 197163, '2b675cbbfbe5296f596bdb6c61fd94ed8ff8132f'),
(74, NULL, 136133, 'Admin', 'c06a830bfe8847278b5ce8acb07b70a54f13bab7', 'Joe', 'Max', '0247058668', NULL, NULL, 1, '1', '2024-06-03', '2024-06-03', 518163, 'c71562d11748249f15696d12702ec28fd329ae11'),
(75, NULL, 288354, 'Admin', 'd64701b53a8ba7a355a723d18199b821a09634bf', 'Asante', 'Saani', '0247058661', NULL, NULL, 1, '1', '2024-06-03', '2024-06-03', 929764, '4c554106218aa6f6b2d6681e6a3eb40bbde476eb'),
(76, NULL, 801884, 'Admin', 'e67bfc7b66aa529d1f49cdb34b27085647e28f6c', 'Stanley', 'Quaye', '0247884488', NULL, NULL, 1, '1', '2024-06-03', '2024-06-03', 267680, 'c1d82321e159008d59eb4673db34c42052657f5f'),
(77, NULL, 420914, 'Admin', 'c8c35b589be60dfa7c12227eb161ff81765eae73', 'Johnson ', 'Kwame', '0248998877', NULL, NULL, 1, '1', '2024-06-03', '2024-06-03', 371265, '4bd7368beb102800b27b1d5fc41aae50af251382'),
(78, NULL, 646353, 'Admin', 'c6a43f4bb8bdea05276c32e8f83b0d2b5cd8f62b', 'Joe', 'Larry', '0248778844', NULL, NULL, 1, '1', '2024-06-03', '2024-06-03', 933642, 'f95d4bbe503573235b276913c4c2306eeccef4b4'),
(79, NULL, 920215, 'Admin', 'c5bc58095494b384897ef93081c771f63b1b2672', 'Amoakoh ', 'Richard ', '0209460537', NULL, NULL, 1, '1', '2024-07-11', '2024-07-11', 377586, 'bf81a26a4da3e0dcdfff92bdbb87d807ae2c6248'),
(80, NULL, 935855, 'Admin', '20f0e5ae4822309920b4e252c597c35eb402322c', 'Imbeah ', 'Felicia', '0209083006', NULL, NULL, 1, '1', '2024-07-14', '2024-07-14', 961704, '070d3e2326c737f12bbdcfcf755ec534c9344b56'),
(81, NULL, 594019, 'Ldevelop', 'cb4ae4787bfa701a930e5299fda6d89b98948c8f', 'Max', 'Joe', '0245898899', NULL, NULL, 1, '1', '2024-07-15', '2024-07-15 01:58:01pm', 516448, '41b6e586e620002d91ad2f9c7dd33a09aa128578'),
(82, NULL, 974907, 'Admin', 'e5ddda6ed765e61e30375aaa867bfb47e41ec5da', 'Yaw', 'Darko', '0247058668', NULL, NULL, 1, '1', '2024-07-15', '2024-07-15', 558404, '4b4eced1e207adcdfeb97d430225750d9475fd91'),
(83, NULL, 135072, 'Admin', '5469f5ab60424edaacb882ea06aa8758c580f128', 'Barrigah', 'Benissan ', '0541397813', NULL, NULL, 1, '1', '2024-07-18', '2024-07-18', 499047, 'a18b1c5d8bc4a70ae1ad35513d86ccf8b4657c92'),
(84, NULL, 309462, 'Admin', '73267c7dc739a7ffb424fa4dfbf417affc4b6d39', 'Eunice', 'Addo', '0274449300', NULL, NULL, 1, '1', '2024-07-19', '2024-07-19', 270530, 'c5446f11f1857ebbf5a1d52fb78a637c94534fdd'),
(85, NULL, 381810, 'Jane', 'd9ae2937e3fe4d66a7dc38144539f316e3b27e6e', 'Kofi', 'Mensah', '0247058668', NULL, NULL, 5, '1', '2024-07-19 14:04:03', '2024-07-19 14:04:03', 516448, '374d4b848ed062af9c80cd39c10823a3695b14a4'),
(86, NULL, 416457, 'James', 'f8d06513f33eacc1d16251ec36dc16de8bf39532', 'Addo', 'James', '0267192558', NULL, NULL, 5, '1', '2024-07-19 14:04:13', '2024-07-19 14:04:13', 270530, '712badff9ae706ae90654ccb4bbd5c6836f3e15b'),
(87, NULL, 648645, 'Admin', '722d93f2cc0117afa8211db039fa2f6688eba2bc', 'Test user', 'Kwesi', '0247058668', NULL, NULL, 1, '1', '2024-07-19', '2024-07-19', 751991, '8af1e2ed5531a504ee542ef6a40682c50dd9e8af'),
(88, NULL, 342869, 'Admin', 'fe73d2b963e691d3a5d571d685caec7172e11cbc', 'Atefah', 'Koif Andrew', '0556296422', NULL, NULL, 1, '1', '2024-07-23', '2024-07-23', 598200, 'a50e8c9fb5f5bdd95ecc4ec567dc29e3d8da3ff3'),
(89, NULL, 968925, 'Admin', '484f8e7251d039ca3d7e08863984fb22b88e8ee3', 'Atefah', 'kofi Andrew', '0556296422', NULL, NULL, 1, '1', '2024-07-31', '2024-07-31', 352648, '91d9d9a09faace15f69407c4763010df6a64ef59'),
(90, NULL, 704020, 'Teller1test', '8aeb5562ff976763e20fa3e6c008ea1c84952a96', 'Kumah', 'Test', '0556296422', NULL, NULL, 3, '1', '2024-07-31 03:24:40', '2024-07-31 03:24:40', 352648, '10d0a98be6e53ccac9399e5326aa9c558513c146');

-- --------------------------------------------------------

--
-- Table structure for table `balance_tb`
--

CREATE TABLE `balance_tb` (
  `ID` bigint NOT NULL,
  `CLIENT_ID` bigint DEFAULT NULL,
  `PRODUCT_ID` bigint DEFAULT NULL,
  `ACCOUNT_NUMBER` varchar(200) DEFAULT NULL,
  `FEES` double DEFAULT NULL,
  `DEPOSITS` double DEFAULT NULL,
  `INTERESTS` double DEFAULT NULL,
  `WITHDRAWALS` double DEFAULT NULL,
  `BALANCE` double DEFAULT NULL,
  `DATE_CREATED` timestamp NOT NULL DEFAULT CURRENT_TIMESTAMP ON UPDATE CURRENT_TIMESTAMP,
  `DATE_MODIFIED` varchar(50) DEFAULT NULL,
  `CCODE` int DEFAULT NULL,
  `HCODE` longtext
) ENGINE=MyISAM DEFAULT CHARSET=latin1;

-- --------------------------------------------------------

--
-- Table structure for table `charge_tb`
--

CREATE TABLE `charge_tb` (
  `ID` bigint NOT NULL,
  `CLIENT_ID` bigint DEFAULT NULL,
  `ACCOUNT_NUMBER` varchar(200) DEFAULT NULL,
  `WITHDRAWAL_ID` int DEFAULT NULL,
  `FEE_TYPE` varchar(200) DEFAULT NULL,
  `AMOUNT` double DEFAULT NULL,
  `DATE_CREATED` varchar(100) DEFAULT NULL,
  `DATE_MODIFIED` varchar(100) DEFAULT NULL,
  `DATE_NORMAL` varchar(200) DEFAULT NULL,
  `CCODE` int DEFAULT NULL,
  `HCODE` longtext
) ENGINE=MyISAM DEFAULT CHARSET=latin1;

-- --------------------------------------------------------

--
-- Table structure for table `check_tb`
--

CREATE TABLE `check_tb` (
  `ID` int NOT NULL,
  `ACCOUNT_NUMBER` varchar(200) DEFAULT NULL,
  `ENTRY_FEE_STATUS` varchar(50) DEFAULT NULL,
  `DATE_CREATED` timestamp NOT NULL DEFAULT CURRENT_TIMESTAMP ON UPDATE CURRENT_TIMESTAMP,
  `CCODE` int NOT NULL,
  `HCODE` longtext NOT NULL
) ENGINE=MyISAM DEFAULT CHARSET=utf8mb3;

-- --------------------------------------------------------

--
-- Table structure for table `client_tb`
--

CREATE TABLE `client_tb` (
  `ID` bigint NOT NULL,
  `CODE` bigint NOT NULL,
  `FIRSTNAME` varchar(200) NOT NULL,
  `LASTNAME` varchar(200) NOT NULL,
  `OTHERNAME` varchar(200) DEFAULT NULL,
  `DOB` varchar(50) DEFAULT NULL,
  `GENDER` varchar(20) NOT NULL,
  `CONTACT_1` varchar(10) NOT NULL,
  `NEXT_OF_KIN` varchar(200) DEFAULT NULL,
  `NEXT_OF_KIN_CONTACT` varchar(13) DEFAULT NULL,
  `REGION` varchar(50) NOT NULL,
  `CITY` varchar(50) NOT NULL,
  `EMAIL` varchar(200) DEFAULT NULL,
  `EDUCATION` varchar(200) DEFAULT NULL,
  `SESSIONID` int DEFAULT NULL COMMENT '1:Daily 2:Weekly 3:Monthly 4:Yearly',
  `AREA` varchar(200) DEFAULT NULL,
  `OCCUPATION` varchar(100) DEFAULT NULL,
  `IDENTIFICATION` varchar(100) DEFAULT NULL,
  `IDNUMBER` varchar(100) DEFAULT NULL,
  `DATE_CREATED` timestamp NOT NULL DEFAULT CURRENT_TIMESTAMP ON UPDATE CURRENT_TIMESTAMP,
  `DATE_MODIFIED` varchar(100) DEFAULT NULL,
  `ACCOUNT_STATUS` int DEFAULT NULL,
  `IMAGE_PATH` varchar(200) DEFAULT NULL,
  `POST_BY` int DEFAULT NULL,
  `CCODE` int DEFAULT NULL,
  `HCODE` longtext
) ENGINE=MyISAM DEFAULT CHARSET=latin1;

-- --------------------------------------------------------

--
-- Table structure for table `client_temp_tb`
--

CREATE TABLE `client_temp_tb` (
  `ID` bigint NOT NULL,
  `FIRSTNAME` varchar(200) NOT NULL,
  `LASTNAME` varchar(200) NOT NULL,
  `OTHERNAME` varchar(200) DEFAULT NULL,
  `DOB` varchar(50) NOT NULL,
  `GENDER` varchar(20) NOT NULL,
  `CONTACT_1` varchar(10) NOT NULL,
  `NEXT_OF_KIN` varchar(200) DEFAULT NULL,
  `NEXT_OF_KIN_CONTACT` varchar(13) DEFAULT NULL,
  `REGION` varchar(50) NOT NULL,
  `CITY` varchar(50) NOT NULL,
  `AREA` varchar(200) DEFAULT NULL,
  `OCCUPATION` varchar(100) NOT NULL,
  `IDENTIFICATION` varchar(100) DEFAULT NULL,
  `IDNUMBER` varchar(100) DEFAULT NULL,
  `DATE_CREATED` timestamp NOT NULL DEFAULT CURRENT_TIMESTAMP ON UPDATE CURRENT_TIMESTAMP,
  `DATE_MODIFIED` varchar(100) DEFAULT NULL,
  `ACCOUNT_STATUS` int DEFAULT NULL,
  `IMAGE_PATH` varchar(200) DEFAULT NULL,
  `POST_BY` int DEFAULT NULL,
  `CCODE` int DEFAULT NULL,
  `HCODE` longtext
) ENGINE=InnoDB DEFAULT CHARSET=latin1;

-- --------------------------------------------------------

--
-- Table structure for table `company_tb`
--

CREATE TABLE `company_tb` (
  `ID` int NOT NULL,
  `UNIQ` int NOT NULL,
  `COMPANY` varchar(200) NOT NULL,
  `PHONE` varchar(20) NOT NULL,
  `EMAIL` varchar(100) NOT NULL,
  `BUSINESS` varchar(100) NOT NULL,
  `DATE_CREATED` varchar(100) NOT NULL,
  `DATE_MODIFIED` varchar(100) DEFAULT NULL,
  `HCODE` longtext NOT NULL
) ENGINE=InnoDB DEFAULT CHARSET=utf8mb3;

--
-- Dumping data for table `company_tb`
--

INSERT INTO `company_tb` (`ID`, `UNIQ`, `COMPANY`, `PHONE`, `EMAIL`, `BUSINESS`, `DATE_CREATED`, `DATE_MODIFIED`, `HCODE`) VALUES
(7, 822796, 'BARRY SAVINGS & LOANS', '+233541397813', 'barrigahjnr@gmail.com', 'Savings & Loans', '2022-07-02', '2022-07-09 11:22:32am', '8bf6c6d9d396c1dc9bf77480a4048085963ff39e'),
(8, 519574, 'DC TECHNOLOGY', '+233247586435', 'dctechnolo@gmail.com', 'Savings & Loans', '2022-07-03', '2022-07-03', '8ba75afb4678fb5196c5504c3adf70d288f41ec9'),
(16, 726670, 'RYAN SUSU', '0541397813', 'barrigahjnr@gmail.com', 'Savings & Loans', '2022-07-13', '2022-07-13', 'bb976e92e1f252720471bde2b952c3e3b9ac666f'),
(17, 292381, 'Asured trust limited', '0507969859', 'okeley1@gmail.como', 'Savings & Loans', '2022-07-14', '2022-07-14', 'fde802b7bb9bff453f5756c94c4241ceab9579da'),
(18, 283198, 'Might trust limited', '0507969859', 'okeley1@gmail.como', 'Savings & Loans', '2022-07-14', '2022-07-14', 'd540a503b79617370b7d0557ba07de6f59f5a800'),
(26, 618608, 'Mcbrain Media', '0559633463', 'mcbrain63asare@gmail.com', 'Credit Union', '2022-07-15', '2022-07-15', '971765be70ffadc7e1f92d7da0ddbb1b84740d18'),
(34, 233211, 'STEP BY STEP TELECOM', '0244228530', 'stepbysteptelecomdirector@gmail.com', 'SUSU', '2022-07-15', '2022-07-16 08:26:31am', '3a5eb836b73be2a2260a8eae49fd2a2fc1a5b3ba'),
(37, 603921, 'Odwen', '0554261930', 'danflorence2020@gmail.com', 'MicroFinance', '2022-07-19', '2022-07-19', '734ed72c5dc302b205737def181d4460c80e62b8'),
(38, 715676, 'QueenDebbie Collections', '0556961312', 'adepaadjoa24@gmail.com', 'Savings & Loans', '2022-08-09', '2022-08-09', '34643e8ee5b2d85037984f1988badbe6a046f92e'),
(39, 610240, 'Dalex finance', '0557199309', 'samagor63@gmail.com', 'Savings & Loans', '2022-08-23', '2022-08-23', '4c3a617a1a4d60207dc2b5f0372e8cd97e4a5576'),
(40, 570826, 'PRIME MEDIA', '0247201042', 'direkta44@gmail.com', 'SUSU', '2022-08-29', '2022-08-31 07:35:42am', 'f164c08c8d6f558888041831934f7ef4c3339655'),
(44, 381272, 'Softpayy GHANA', '0243803348', 'softpayyghana96@gmail.com', 'Hire', '2022-09-13', '2022-09-13', '26b2cdc34e34600f72004b8e3daae4313b40d2eb'),
(47, 200776, 'Staliro Technology', '0559104640', 'rrstetteh@gmail.com', 'Savings & Loans', '2022-10-11', '2022-10-11', '07fe7409381f971ef51418004b4b2ff5a4faa130'),
(48, 548706, 'Trust Union Ltd', '0208332233', 'projectfund111@gmail.com', 'Savings & Loans', '2022-11-06', '2022-11-06', '63c4d039c580b1b39471ac0bfdbf0f18880d9f84'),
(50, 898101, 'Candyman publication', '0540172716', 'atangafoster48@gmail.com', 'Hire', '2023-03-06', '2023-03-06', 'b3433302f7b44642bdcc07343996b865b75cbf82'),
(51, 451923, 'Cashstep Ventures', '0551780523', 'stepbysteptelecom@gmail.com', 'SUSU', '2023-04-23', '2023-04-23', '7005e0aa1f7f2ff79095a74d392d3238cbde0f0e'),
(52, 473858, 'MP1 SUSU ENTERPRISE', '0504311362', 'mp1susu.org@gmail.com', 'SUSU', '2023-05-29', '2023-05-29 10:46:06am', '3a6c7e2f7e23eed5691ab649f09e96d62013db64'),
(56, 340059, 'GREATERS GREEN STAR LIMITED', '0541502290', 'greatersgreeenstar@gmail.com', 'Savings & Loans', '2024-04-25', '2024-04-26 11:55:03am', '437a2e04336b91108db2c14705edbfc41cd553b2'),
(62, 929764, 'Links Hire', '0247058661', 'josef.nyarko@gmail.com', 'Savings & Loans', '2024-06-03', '2024-06-03', 'd17d2355fbaaead9de10f48237eba2112082edc0'),
(63, 267680, 'Stan Homes', '0247884488', 'staykwame@gmail.comm', 'SUSU', '2024-06-03', '2024-06-03', '403e9d0119aefe2aa577ca7aa02d6c9ddd04ea19'),
(66, 377586, 'Ephod Tech Limited ', '0209460537', 'richardamoakoh1@gmail.com', 'Savings & Loans', '2024-07-11', '2024-07-11', '79073b9fbaed7edd0ee1b1a9cabf7babc299c091'),
(67, 961704, 'Effie Ventures', '0209083006', 'imbeahfelicia@gmail.com', 'SUSU', '2024-07-14', '2024-07-14', '2597511c1c670107b1ae14f0295104f489adcbfa'),
(68, 516448, 'Brempong & Kwasi', '0245898899', 'proflinksgh@gmail.com', 'Savings & Loans', '2024-07-15', '2024-07-15', 'b2118371fcb999c5e67eb9873dbe2ae88d383595'),
(70, 499047, 'Barry Savings ', '0541397813', 'barrigahjnr@gmail.com', 'Savings & Loans', '2024-07-18', '2024-07-18', 'c947fdb63460dd368ccafd08befe26ce84c180e5'),
(71, 270530, 'U-NICE SUSU ENTERPRISE ', '0274449300', 'eunice124@gmail.com', 'SUSU', '2024-07-19', '2024-07-19', '1fca9a6051cea6088f33561be7661b0c32c9dc87'),
(73, 598200, 'iTech Solution', '0556296422', 'kofiatiefah@gmail.com', 'Hire', '2024-07-23', '2024-07-23', '3319b7711211e9e3c57051344c08b6e2e21c4548');

-- --------------------------------------------------------

--
-- Table structure for table `delist_tb`
--

CREATE TABLE `delist_tb` (
  `ID` bigint NOT NULL,
  `CCODE` int DEFAULT NULL,
  `HCODE` longtext NOT NULL,
  `DTABLE` varchar(50) NOT NULL,
  `DATE_CREATED` varchar(100) NOT NULL
) ENGINE=InnoDB DEFAULT CHARSET=utf8mb3;

-- --------------------------------------------------------

--
-- Table structure for table `deposit_tb`
--

CREATE TABLE `deposit_tb` (
  `ID` bigint NOT NULL,
  `AMOUNT` varchar(200) CHARACTER SET latin1 COLLATE latin1_swedish_ci NOT NULL,
  `CLIENT_ID` bigint DEFAULT NULL,
  `ACCOUNT_NUMBER` varchar(200) CHARACTER SET latin1 COLLATE latin1_swedish_ci DEFAULT NULL,
  `DATE_CREATED` varchar(100) CHARACTER SET latin1 COLLATE latin1_swedish_ci DEFAULT NULL,
  `DATE_NORMAL` varchar(200) DEFAULT NULL,
  `DATE_MODIFIED` varchar(50) CHARACTER SET latin1 COLLATE latin1_swedish_ci DEFAULT NULL,
  `CREATED_BY` bigint DEFAULT NULL,
  `TAG` int NOT NULL COMMENT '1:Deposit 2:Withdrawal',
  `CCODE` int DEFAULT NULL,
  `HCODE` longtext
) ENGINE=InnoDB DEFAULT CHARSET=utf8mb3;

-- --------------------------------------------------------

--
-- Table structure for table `dept_tb`
--

CREATE TABLE `dept_tb` (
  `id` bigint NOT NULL,
  `name` varchar(200) COLLATE utf8mb4_general_ci NOT NULL,
  `code` bigint NOT NULL,
  `description` longtext COLLATE utf8mb4_general_ci,
  `posted_by` int NOT NULL,
  `date_created` varchar(100) COLLATE utf8mb4_general_ci NOT NULL,
  `date_modified` varchar(100) COLLATE utf8mb4_general_ci NOT NULL,
  `companyid` bigint DEFAULT NULL,
  `hcode` longtext COLLATE utf8mb4_general_ci NOT NULL
) ENGINE=InnoDB DEFAULT CHARSET=utf8mb4 COLLATE=utf8mb4_general_ci;

--
-- Dumping data for table `dept_tb`
--

INSERT INTO `dept_tb` (`id`, `name`, `code`, `description`, `posted_by`, `date_created`, `date_modified`, `companyid`, `hcode`) VALUES
(1, 'Procurement', 1000, 'Procurement Department', 1, '2024-07-20 17:10', '2024-07-20 17:10', 1, 'c134a667-4847-11ef-abf9-dcfb48c50287'),
(2, 'Human Resources', 1001, 'Human Resources Department', 1, '2024-07-20 17:10', '2024-07-20 17:10', 1, 'e5acc47a-4845-11ef-abf9-dcfb48c50287'),
(3, 'Finance and Accounting', 1002, 'Finance and Accounting Department', 1, '2024-07-20 17:10', '2024-07-20 17:10', 1, '60a19347-4846-11ef-abf9-dcfb48c50287'),
(4, 'Marketing', 1003, 'Marketing Department', 1, '2024-07-20 17:10', '2024-07-20 17:10', 1, '04bed835-4847-11ef-abf9-dcfb48c50287'),
(5, 'Sales', 1004, 'Sales Department', 1, '2024-07-20 17:10', '2024-07-20 17:10', 1, 'dcef866b-4847-11ef-abf9-dcfb48c50287'),
(6, 'Operations', 1005, 'Operations Department', 1, '2024-07-20 17:10', '2024-07-20 17:10', 1, 'e4dc8632-4847-11ef-abf9-dcfb48c50287'),
(7, 'Information Technology (IT)', 1006, 'Information Technology Department', 1, '2024-07-20 17:10', '2024-07-20 17:10', 1, 'ec2e5e2c-4847-11ef-abf9-dcfb48c50287'),
(8, 'Customer Service', 1007, 'Customer Service Department', 1, '2024-07-20 17:10', '2024-07-20 17:10', 1, 'f4ec0587-4847-11ef-abf9-dcfb48c50287'),
(9, 'Research and Development (R&D)', 1008, 'Research and Development Department', 1, '2024-07-20 17:10', '2024-07-20 17:10', 1, 'fc2a4ab1-4847-11ef-abf9-dcfb48c50287'),
(10, 'Legal Affairs', 1009, 'Legal Affairs Department', 1, '2024-07-20 17:10', '2024-07-20 17:10', 1, '05373651-4848-11ef-abf9-dcfb48c50287'),
(11, 'Quality Assurance', 1010, 'Quality Assurance Department', 1, '2024-07-20 17:10', '2024-07-20 17:10', 1, '0d27522c-4848-11ef-abf9-dcfb48c50287'),
(12, 'Estates', 1011, 'Estates Department', 1, '2024-07-20 17:10', '2024-07-20 17:10', 1, '1601a626-4848-11ef-abf9-dcfb48c50287'),
(13, 'Administration', 1012, 'Administration Department', 1, '2024-07-20 17:10', '2024-07-20 17:10', 1, '47401f33-4848-11ef-abf9-dcfb48c50287'),
(14, 'Public Relations (PR)', 1013, 'Public Relations Department', 1, '2024-07-20 17:10', '2024-07-20 17:10', 1, '5a66c4c8-4848-11ef-abf9-dcfb48c50287'),
(15, 'Business Development', 1014, 'Business Development Department', 1, '2024-07-20 17:10', '2024-07-20 17:10', 1, '9167b452-4848-11ef-abf9-dcfb48c50287'),
(16, 'Health and Safety', 1015, 'Health and Safety Department', 1, '2024-07-20 17:10', '2024-07-20 17:10', 1, 'a241bec4-4848-11ef-abf9-dcfb48c50287'),
(17, 'Security', 1016, 'Security Department', 1, '2024-07-20 17:10', '2024-07-20 17:10', 1, '7cd6233e-4848-11ef-abf9-dcfb48c50287');

-- --------------------------------------------------------

--
-- Table structure for table `fees_tb`
--

CREATE TABLE `fees_tb` (
  `ID` int NOT NULL,
  `ENTRY_MIN_FEE` varchar(200) NOT NULL,
  `ENTRY_MAX_FEE` varchar(200) DEFAULT NULL,
  `WITHDRAWAL_FEE` varchar(200) DEFAULT NULL,
  `REOPEN_MIN_FEE` varchar(200) DEFAULT NULL,
  `REOPEN_MAX_FEE` varchar(200) DEFAULT NULL,
  `CLOSING_MIN_FEE` varchar(200) DEFAULT NULL,
  `CLOSING_MAX_FEE` varchar(200) DEFAULT NULL,
  `MANAGEMENT_MIN_FEE` varchar(200) DEFAULT NULL,
  `MANAGEMENT_MAX_FEE` varchar(200) DEFAULT NULL,
  `PRODUCT_ID` int DEFAULT NULL,
  `DATE_CREATED` timestamp NOT NULL DEFAULT CURRENT_TIMESTAMP ON UPDATE CURRENT_TIMESTAMP,
  `CCODE` int NOT NULL,
  `HCODE` longtext NOT NULL
) ENGINE=InnoDB DEFAULT CHARSET=utf8mb3;

-- --------------------------------------------------------

--
-- Table structure for table `fee_tb`
--

CREATE TABLE `fee_tb` (
  `ID` int NOT NULL,
  `ENTRY_FEE` varchar(200) DEFAULT NULL,
  `WITHDRAWAL_FEE` varchar(255) DEFAULT NULL,
  `PRODUCT_ID` int DEFAULT NULL,
  `DATE_CREATED` timestamp NOT NULL DEFAULT CURRENT_TIMESTAMP ON UPDATE CURRENT_TIMESTAMP,
  `DATE_MODIFIED` varchar(50) DEFAULT NULL,
  `CCODE` int DEFAULT NULL,
  `HCODE` longtext
) ENGINE=MyISAM DEFAULT CHARSET=latin1;

--
-- Dumping data for table `fee_tb`
--

INSERT INTO `fee_tb` (`ID`, `ENTRY_FEE`, `WITHDRAWAL_FEE`, `PRODUCT_ID`, `DATE_CREATED`, `DATE_MODIFIED`, `CCODE`, `HCODE`) VALUES
(1, '20', '0', 247344, '2024-04-26 14:24:59', '2024-04-26 14:24:59', 340059, 'b1b5c949e65f4f279abeb15b9d7baeabca7f45fd'),
(2, '50', '30', 241632, '2024-06-03 19:43:21', '2024-06-03 19:43:21', 518163, 'b0f8e05365b638dc28a331a15fa6669a66748c9c'),
(3, '5', '0', 913427, '2024-07-11 15:11:16', '2024-07-11 15:11:16', 377586, 'b9fe795518fa0afbe1db07b4a016c668e73eb0f0'),
(4, '50', '30', 946768, '2024-07-12 13:48:37', '2024-07-12 13:48:37', 340059, '750fbf19403d0e0bf3e0e7c0d451c767084c8911'),
(5, '10', '5', 694644, '2024-07-14 16:13:26', '2024-07-14 16:13:26', 961704, '5070390f8185bb5d4d2128e7fe68ced6663af4d9'),
(6, '50', '1', 809827, '2024-07-18 12:59:51', '2024-07-18 12:59:51', 499047, 'a04fba5024b344e8d0b8a6ddca1a41ac09608ed7'),
(7, '100', '100', 266788, '2024-07-18 16:19:22', '2024-07-18 16:19:22', 516448, 'cf718a70b7e2f6940b639787dc96aff18ba8b462'),
(8, '5', '0', 556332, '2024-07-19 13:36:59', '2024-07-19 13:36:59', 270530, '1d38f4b1939dd44eccc5c15585c3a5dbaf0478b6'),
(9, '10', '10', 395645, '2024-07-20 17:54:13', '2024-07-20 17:54:13', 270530, '9ce6dec410c51753c7323fed7cda9b0620c3fadf'),
(10, '0', '0', 925396, '2024-07-22 13:56:51', '2024-07-22 13:56:51', 377586, 'bc998c2636740ed5cfa07e23a2ac71e35d75f173'),
(11, '0', '0', 801195, '2024-07-23 04:39:00', '2024-07-23 04:39:00am', 516448, '032401d1044e420fd033cf2f9d8a06858f156616'),
(12, '200', '10', 393100, '2024-07-31 02:58:33', '2024-07-31 02:58:33', 352648, 'ca6abc626d0c750fe3e30a4a4a7612d564d0d9d7');

-- --------------------------------------------------------

--
-- Table structure for table `formfee_tb`
--

CREATE TABLE `formfee_tb` (
  `id` bigint NOT NULL,
  `loanid` varchar(200) NOT NULL,
  `customerid` bigint NOT NULL,
  `amount` double NOT NULL,
  `posted_by` int NOT NULL,
  `date_normal` varchar(100) NOT NULL,
  `date_created` varchar(100) NOT NULL,
  `date_modified` varchar(100) DEFAULT NULL,
  `ccode` int NOT NULL,
  `hcode` longtext NOT NULL
) ENGINE=InnoDB DEFAULT CHARSET=latin1;

--
-- Dumping data for table `formfee_tb`
--

INSERT INTO `formfee_tb` (`id`, `loanid`, `customerid`, `amount`, `posted_by`, `date_normal`, `date_created`, `date_modified`, `ccode`, `hcode`) VALUES
(1, 'GRE/BUS/2024/000002', 2, 250, 660546, '2nd August, 2024 10:06:44pm', '2024-08-02 22:06', '2024-08-02 22:06', 340059, 'fdd7ebebd1c2035c0d55795545a3a892e8ac4ab7'),
(2, 'GRE/BUS/2024/000006', 6, 250, 660546, '2024-08-03 11:16', '2024-08-03 11:16', '2024-08-03 11:16', 340059, 'a8939adb229a5ff913b25568f6dc3201d9cce22d'),
(3, 'GRE/BUS/2024/000007', 7, 250, 660546, '2024-08-04 05:29', '2024-08-04 05:29', '2024-08-04 05:29', 340059, 'b964e86e073bd150060d3861f5c1d4bc327d35a6'),
(4, 'GRE/BUS/2024/000008', 8, 250, 680445, '2022-08-22 13:36', '2022-08-22 13:36', '2022-08-22 13:36', 340059, 'd601daa5bcb86a1b657c7969ac4d6a7cf512bc9c'),
(5, 'GRE/BUS/2024/000001', 1, 250, 680445, '2022-08-22 13:56', '2022-08-22 13:56', '2022-08-22 13:56', 340059, '5a10568f5eaca71fa9fd06f3b2f3e88deba86485'),
(6, 'GRE/BUS/2024/000002', 2, 250, 680445, '2022-09-12 15:10', '2022-09-12 15:10', '2022-09-12 15:10', 340059, 'b8854df6675771bfbf8fae8711fb312e746f66bb'),
(7, 'GRE/BUS/2024/000003', 3, 250, 680445, '2024-04-22 15:52', '2024-04-22 15:52', '2024-04-22 15:52', 340059, '45f58b9a185c26e68ac1a73c8b0de386acf70857'),
(8, 'GRE/BUS/2024/000004', 4, 250, 680445, '2022-09-02 16:15', '2022-09-02 16:15', '2022-09-02 16:15', 340059, '295393cb0afff8d059b60fe61f6eca15c804df40'),
(9, 'GRE/BUS/2024/000004', 4, 250, 680445, '2023-07-08 16:22', '2023-07-08 16:22', '2023-07-08 16:22', 340059, '27321afe245c58a5ad0d2c03840af3f307658569'),
(10, 'GRE/BUS/2024/000005', 5, 250, 680445, '2022-12-05 16:46', '2022-12-05 16:46', '2022-12-05 16:46', 340059, 'e2d83f03531bfddd43b5c7f7a17a7dcb9e781785'),
(11, 'GRE/BUS/2024/000005', 5, 250, 680445, '2023-07-13 16:56', '2023-07-13 16:56', '2023-07-13 16:56', 340059, 'd69749ae52f48ad8b6b6fc63cc397ae7b08434e2'),
(12, 'GRE/BUS/2024/000006', 6, 250, 680445, '2024-02-22 17:19', '2024-02-22 17:19', '2024-02-22 17:19', 340059, '4265c422ad6951f79842a98901fe685182cc70e5'),
(13, 'GRE/BUS/2024/000003', 3, 250, 660546, '2024-08-06 10:23', '2024-08-06 10:23', '2024-08-06 10:23', 340059, 'ae8069eef591ff3b2c9360a73b65de3051f6e4fe');

-- --------------------------------------------------------

--
-- Table structure for table `form_tb`
--

CREATE TABLE `form_tb` (
  `ID` bigint NOT NULL,
  `CUSTOMERID` bigint NOT NULL,
  `LOANID` int NOT NULL,
  `AFILE` varchar(200) COLLATE utf8mb4_general_ci NOT NULL,
  `POSTED_BY` int NOT NULL,
  `DATE_CREATED` varchar(100) COLLATE utf8mb4_general_ci NOT NULL,
  `DATE_MODIFIED` varchar(100) COLLATE utf8mb4_general_ci DEFAULT NULL
) ENGINE=InnoDB DEFAULT CHARSET=utf8mb4 COLLATE=utf8mb4_general_ci;

--
-- Dumping data for table `form_tb`
--

INSERT INTO `form_tb` (`ID`, `CUSTOMERID`, `LOANID`, `AFILE`, `POSTED_BY`, `DATE_CREATED`, `DATE_MODIFIED`) VALUES
(1, 1, 1, 'img499288.jpg', 680445, '2024-08-05 13:57', '2024-08-05 13:57'),
(2, 2, 2, 'img737790.jpg', 680445, '2024-08-05 15:11', '2024-08-05 15:11'),
(3, 3, 3, 'img418891.jpg', 680445, '2024-08-05 15:53', '2024-08-05 15:53'),
(4, 4, 4, 'img295274.jpg', 680445, '2024-08-05 16:16', '2024-08-05 16:16'),
(5, 4, 5, 'img695849.jpg', 680445, '2024-08-05 16:24', '2024-08-05 16:24'),
(6, 5, 6, 'img262220.jpg', 680445, '2024-08-05 16:47', '2024-08-05 16:47'),
(7, 5, 7, 'img782388.jpg', 680445, '2024-08-05 16:57', '2024-08-05 16:57'),
(8, 6, 8, 'img183551.jpg', 680445, '2024-08-05 17:20', '2024-08-05 17:20');

-- --------------------------------------------------------

--
-- Table structure for table `guarantor_tb`
--

CREATE TABLE `guarantor_tb` (
  `ID` int NOT NULL,
  `ACCOUNT_NO` varchar(200) NOT NULL,
  `GUARANTOR1` varchar(200) NOT NULL,
  `GUARANTOR2` varchar(200) NOT NULL,
  `DATE_CREATED` timestamp NOT NULL DEFAULT CURRENT_TIMESTAMP ON UPDATE CURRENT_TIMESTAMP,
  `DATE_MODIFIED` varchar(200) DEFAULT NULL,
  `CCODE` int NOT NULL,
  `HCODE` longtext NOT NULL
) ENGINE=InnoDB DEFAULT CHARSET=utf8mb3;

-- --------------------------------------------------------

--
-- Table structure for table `haccount_tb`
--

CREATE TABLE `haccount_tb` (
  `ID` int NOT NULL,
  `PRODUCT_ID` int DEFAULT NULL,
  `CLIENT_ID` int DEFAULT NULL,
  `ACCOUNT_NO` varchar(255) DEFAULT NULL,
  `SUBSCRIPTION` varchar(200) DEFAULT NULL,
  `RATE` int DEFAULT NULL,
  `ACC_STATUS` int DEFAULT NULL COMMENT '0:Active 1:Inactive',
  `SMS_STATUS` int DEFAULT NULL COMMENT '0:Active 1:Inactive',
  `DESCRIPTION` varchar(255) NOT NULL,
  `DATE_CREATED` varchar(100) DEFAULT NULL,
  `DATE_MODIFIED` varchar(50) DEFAULT NULL,
  `CCODE` int NOT NULL,
  `HCODE` longtext NOT NULL
) ENGINE=InnoDB DEFAULT CHARSET=utf8mb3;

--
-- Dumping data for table `haccount_tb`
--

INSERT INTO `haccount_tb` (`ID`, `PRODUCT_ID`, `CLIENT_ID`, `ACCOUNT_NO`, `SUBSCRIPTION`, `RATE`, `ACC_STATUS`, `SMS_STATUS`, `DESCRIPTION`, `DATE_CREATED`, `DATE_MODIFIED`, `CCODE`, `HCODE`) VALUES
(40, 296386, 7017125, 'Joe 0000000001', '5', 7, 1, 1, 'undefined', '2022-09-13', '2022-09-13 02:39:40pm', 764459, '83c7d3dacdb3482ad507569d4b7ed9da97c37e76'),
(41, 455775, 9591145, 'Sof 0000000001', '3', 7, 0, 0, 'undefined', '2022-09-13', '2022-09-13 02:40:35pm', 381272, '6a1d87ddde97badd1eb22826a5794d6703b3928c'),
(42, 296386, 2496317, 'Joe 0000000002', '5', 7, 0, 1, 'undefined', '2022-09-13', '2022-09-13', 764459, '369005044f8a1c4b9e06ce1f49b58a33bc948472'),
(43, 281652, 2767623, 'Lin 0000000001', '5', 7, 0, 1, 'undefined', '2022-09-16', '2022-09-16', 474308, 'ac1f59704df00ce1fb7177de6b7b838889ce9857'),
(44, 531344, 6416536, 'Sof 0000000002', '5', 7, 0, 1, 'undefined', '2022-09-16', '2022-09-16', 381272, '41d08a82ad9ba5b597b7541e05155dcb21f92716'),
(45, 919896, 4082317, 'Sof 0000000003', '1', 7, 0, 0, 'undefined', '2022-09-22', '2022-09-22 03:25:37pm', 381272, '0f2de3201687980847854a06504a22e1ca0bc3eb');

-- --------------------------------------------------------

--
-- Table structure for table `hcharge_tb`
--

CREATE TABLE `hcharge_tb` (
  `ID` bigint NOT NULL,
  `HCODE` longtext NOT NULL,
  `CLIENT_ID` int NOT NULL,
  `ACCOUNT_NUMBER` varchar(200) NOT NULL,
  `WITHDRAWAL_ID` int DEFAULT NULL,
  `PRODUCT_ID` int DEFAULT NULL,
  `FEE_TYPE` varchar(200) DEFAULT NULL,
  `QUANTITY` int DEFAULT NULL,
  `AMOUNT` double NOT NULL,
  `CSTATUS` int DEFAULT NULL COMMENT '1: Collected 2: Not Collected',
  `DATE_CREATED` varchar(50) NOT NULL,
  `DATE_MODIFIED` varchar(50) DEFAULT NULL,
  `DATE_NORMAL` varchar(50) NOT NULL,
  `CCODE` int NOT NULL
) ENGINE=InnoDB DEFAULT CHARSET=utf8mb3;

-- --------------------------------------------------------

--
-- Table structure for table `hproduct_tb`
--

CREATE TABLE `hproduct_tb` (
  `ID` int NOT NULL,
  `CODE` int NOT NULL,
  `PRODUCT` varchar(100) CHARACTER SET latin1 COLLATE latin1_swedish_ci NOT NULL,
  `CATEGORY` int DEFAULT NULL,
  `COG` varchar(200) CHARACTER SET latin1 COLLATE latin1_swedish_ci DEFAULT '0',
  `UNIT` varchar(100) CHARACTER SET latin1 COLLATE latin1_swedish_ci NOT NULL,
  `QUANTITY` varchar(200) CHARACTER SET latin1 COLLATE latin1_swedish_ci NOT NULL,
  `REMAINING` varchar(200) CHARACTER SET latin1 COLLATE latin1_swedish_ci DEFAULT NULL,
  `RESTOCK_LEVEL` varchar(100) CHARACTER SET latin1 COLLATE latin1_swedish_ci DEFAULT NULL,
  `EXP_DATE` varchar(50) DEFAULT NULL,
  `IMAGE` varchar(200) CHARACTER SET latin1 COLLATE latin1_swedish_ci DEFAULT NULL,
  `DATE_CREATED` timestamp NOT NULL DEFAULT CURRENT_TIMESTAMP ON UPDATE CURRENT_TIMESTAMP,
  `DATE_MODIFIED` varchar(100) CHARACTER SET latin1 COLLATE latin1_swedish_ci DEFAULT NULL,
  `CCODE` int NOT NULL,
  `HCODE` longtext NOT NULL
) ENGINE=InnoDB DEFAULT CHARSET=utf8mb3;

-- --------------------------------------------------------

--
-- Table structure for table `interest_tb`
--

CREATE TABLE `interest_tb` (
  `ID` int NOT NULL,
  `PRODUCT_ID` int DEFAULT NULL,
  `ACCOUNT_NUMBER` varchar(255) NOT NULL,
  `ACCRUE_STATUS` varchar(200) DEFAULT NULL,
  `YEAR` varchar(100) DEFAULT NULL,
  `MONTH` varchar(100) DEFAULT NULL,
  `AMOUNT` double DEFAULT NULL,
  `DATE_CREATED` varchar(50) DEFAULT NULL,
  `DATE_NORMAL` varchar(100) DEFAULT NULL,
  `DATE_MODIFIED` varchar(50) DEFAULT NULL,
  `CCODE` int DEFAULT NULL,
  `HCODE` longtext
) ENGINE=MyISAM DEFAULT CHARSET=latin1;

-- --------------------------------------------------------

--
-- Table structure for table `loanreg_tb`
--

CREATE TABLE `loanreg_tb` (
  `id` bigint NOT NULL,
  `code` varchar(200) COLLATE utf8mb4_general_ci NOT NULL,
  `regtype` int NOT NULL COMMENT '1:Business 2:Group',
  `image` varchar(200) COLLATE utf8mb4_general_ci NOT NULL,
  `title` varchar(200) COLLATE utf8mb4_general_ci DEFAULT NULL,
  `surname` varchar(200) COLLATE utf8mb4_general_ci DEFAULT NULL,
  `othername` varchar(200) COLLATE utf8mb4_general_ci DEFAULT NULL,
  `phone` varchar(200) COLLATE utf8mb4_general_ci DEFAULT NULL,
  `gender` varchar(200) COLLATE utf8mb4_general_ci DEFAULT NULL,
  `dob` varchar(200) COLLATE utf8mb4_general_ci DEFAULT NULL,
  `dependant` varchar(200) COLLATE utf8mb4_general_ci DEFAULT NULL,
  `idtype` varchar(200) COLLATE utf8mb4_general_ci DEFAULT NULL,
  `idno` varchar(200) COLLATE utf8mb4_general_ci DEFAULT NULL,
  `dateissue` varchar(200) COLLATE utf8mb4_general_ci DEFAULT NULL,
  `dateexpire` varchar(200) COLLATE utf8mb4_general_ci DEFAULT NULL,
  `busname` varchar(200) COLLATE utf8mb4_general_ci DEFAULT NULL,
  `address` varchar(200) COLLATE utf8mb4_general_ci DEFAULT NULL,
  `location` varchar(200) COLLATE utf8mb4_general_ci DEFAULT NULL,
  `btel` varchar(200) COLLATE utf8mb4_general_ci DEFAULT NULL,
  `byears` varchar(200) COLLATE utf8mb4_general_ci DEFAULT NULL,
  `emptype` int DEFAULT NULL COMMENT '1:Employed 2: Unemployed 3:Self Employed',
  `empname` varchar(200) COLLATE utf8mb4_general_ci DEFAULT NULL,
  `position` varchar(200) COLLATE utf8mb4_general_ci DEFAULT NULL,
  `empno` varchar(200) COLLATE utf8mb4_general_ci DEFAULT NULL,
  `netsal` varchar(200) COLLATE utf8mb4_general_ci DEFAULT NULL,
  `bdirection` varchar(200) COLLATE utf8mb4_general_ci DEFAULT NULL,
  `rdirection` varchar(200) COLLATE utf8mb4_general_ci DEFAULT NULL,
  `posted_by` int NOT NULL,
  `date_created` varchar(100) COLLATE utf8mb4_general_ci NOT NULL,
  `date_modified` varchar(100) COLLATE utf8mb4_general_ci DEFAULT NULL,
  `CCODE` int NOT NULL,
  `HCODE` longtext COLLATE utf8mb4_general_ci NOT NULL
) ENGINE=InnoDB DEFAULT CHARSET=utf8mb4 COLLATE=utf8mb4_general_ci;

--
-- Dumping data for table `loanreg_tb`
--

INSERT INTO `loanreg_tb` (`id`, `code`, `regtype`, `image`, `title`, `surname`, `othername`, `phone`, `gender`, `dob`, `dependant`, `idtype`, `idno`, `dateissue`, `dateexpire`, `busname`, `address`, `location`, `btel`, `byears`, `emptype`, `empname`, `position`, `empno`, `netsal`, `bdirection`, `rdirection`, `posted_by`, `date_created`, `date_modified`, `CCODE`, `HCODE`) VALUES
(1, 'GRE/BUS/2024/000001', 1, '1VLCD5vNGVk1sgcJdzegBikOG4tNcjHcs', 'Mr', 'ODOOM', 'VADIS', '0545142544', 'Male', '1956-12-26', '5', 'Voters Id', '4735036002', '2020-07-25', '2024-07-25', 'INRES LTD', 'BOX 2700', 'TEMA', '0545142544', '14 YEARS', 3, 'None', 'None', 'None', 'None', 'GOIL TO VRA KPONE ROAD', 'WASHING BAY PRECIOUS SEED', 680445, '2022-08-22 13:55', '2022-08-22 13:55', 340059, 'b5ac57e4485be0bb629368cc9583818bb2644134'),
(2, 'GRE/BUS/2024/000002', 1, '16pFmrn51BmYRNuDHiefWj53B5i_F8E66', 'Ms', 'TETTEH', 'GIFTY', '0240351761', 'Female', '1997-05-02', '3', 'Ecowas Card', 'GHA-722127319-6', '2020-03-15', '2030-03-14', 'TRADER', 'BOX 4', 'KPONE', '0240940391', '2YEARS', 3, 'None', 'None', 'None', 'None', 'CHOCOLATE STREET ADJACENT TO THE CHIEF HOUSE', 'SAME ROUTINE', 680445, '2022-09-12 15:09', '2022-09-12 15:09', 340059, '0c0a3d9bb5bc5e7c93bd9f1cc57792f9b9fc1362'),
(3, 'GRE/BUS/2024/000003', 1, '183SZthTvD3aEhslXN85aM3LKDFfa-5wD', 'Mrs', 'TETTEH ', 'AUGUSTINA', '0279783963', 'Female', '1970-07-28', '4', 'Ecowas Card', 'GHA-000949437-0', '2022-09-01', '2032-08-31', 'TRADER', 'C10 KPONE', 'TEMA COMMUNITY ONE', '0279783963', '23 YEARS', 3, 'None', 'None', 'None', 'None', 'KPONE TO TEMA COMM ONE', 'SAME ROUTINE', 680445, '2024-04-22 15:50', '2024-04-22 15:50', 340059, '1fc580ae6425f99c877684f31a4969b7afb79e84'),
(4, 'GRE/BUS/2024/000004', 1, '1ZJgmJ59dq7uJhDRe8f0lj8Q6I9sopUCD', 'Mr', 'KWAKU', 'JOSEPH', '0558474307', 'Male', '1976-07-02', '5', 'Ecowas Card', 'GHA-7274485334-2', '2021-11-18', '2031-11-17', 'BUILDING CONTRTACTOR', 'K10', 'KPONE', '0558474307', '30 YEARS', 3, 'None', 'None', 'None', 'None', 'KKMA TO KINGDOM STAR', 'SAME ROUTINE', 680445, '2022-09-02 16:14', '2022-09-02 16:14', 340059, '2e8839a6dc6c7593002e45b60caae707bdc3629d'),
(5, 'GRE/BUS/2024/000005', 1, '15tWvh2aDKLl_CzxJCiifspnfouoo4zwi', 'Mr', 'AYIAH', 'MATTHEW', '0243740694', 'Male', '1969-02-02', '4', 'Drivers License', '7458964510', '2020-10-15', '2022-10-14', 'TRADER', 'K8', 'KPONE SHANGHAI', '0243740694', '10 YEARS', 3, 'None', 'None', 'None', 'None', 'SHANGHAI JUNCTION', 'SAME ROUTINE', 680445, '2022-12-05 16:45', '2022-12-05 16:45', 340059, '602360a646f55f57e6ee91dfeaaed37a44c4aaac'),
(6, 'GRE/BUS/2024/000006', 1, '14BhishkLUx1B4mVKZt35PN7z_KmcIL02', 'Ms', 'SIKA', 'DEBORAH', '0556400714', 'Female', '1996-06-13', '1', 'Ecowas Card', 'GHA-713418456-3', '2019-07-15', '2029-06-26', 'CATHERING', 'LA10', 'ACCRA LA', '0556400714', '1 YEAR', 3, 'None', 'None', 'None', 'None', 'APAPA TO LA TENU', 'SAME ROUTINE', 680445, '2024-02-22 17:18', '2024-02-22 17:18', 340059, '07bd48a0647b97364835b8a339bb38368b879660'),
(7, 'GRE/BUS/2024/000007', 1, 'none', 'Mr', 'Asare', 'Kwame', '024002200', 'Male', '2001-01-01', '2', 'Passport', 'PS00220', '2004-01-01', '2024-08-16', 'KADKAF', 'AKFDFAKD', 'ADSFADS', '024404044', '3', 3, 'None', 'None', 'None', 'None', 'None', 'AFADSF', 660546, '2024-08-06 11:12', '2024-08-06 11:12', 340059, '5937a6373f6506237f0bb37f6e66fc978a8be2dd');

-- --------------------------------------------------------

--
-- Table structure for table `loan_payment`
--

CREATE TABLE `loan_payment` (
  `ID` bigint NOT NULL,
  `CUSTOMERID` bigint DEFAULT NULL,
  `LOANID` bigint DEFAULT NULL,
  `AMOUNT` double NOT NULL,
  `POSTED_BY` int NOT NULL,
  `DATE_NORMAL` varchar(200) COLLATE utf8mb4_general_ci NOT NULL,
  `DATE_CREATED` varchar(100) COLLATE utf8mb4_general_ci NOT NULL,
  `DATE_MODIFIED` varchar(100) COLLATE utf8mb4_general_ci DEFAULT NULL,
  `CCODE` int NOT NULL,
  `HCODE` longtext COLLATE utf8mb4_general_ci NOT NULL
) ENGINE=InnoDB DEFAULT CHARSET=utf8mb4 COLLATE=utf8mb4_general_ci;

--
-- Dumping data for table `loan_payment`
--

INSERT INTO `loan_payment` (`ID`, `CUSTOMERID`, `LOANID`, `AMOUNT`, `POSTED_BY`, `DATE_NORMAL`, `DATE_CREATED`, `DATE_MODIFIED`, `CCODE`, `HCODE`) VALUES
(1, 1, 1, 207, 680445, '2022-09-01 13:59', '2022-09-01 13:59', '2022-09-01 13:59', 340059, '14d9b8807267f613564c78dbc97cf54b7929e935'),
(2, 1, 1, 207, 680445, '2022-09-09 14:01', '2022-09-09 14:01', '2022-09-09 14:01', 340059, '6277e179a6ed0865e5dc803999dec0527b39c199'),
(3, 1, 1, 206.67, 680445, '2022-09-17 14:02', '2022-09-17 14:02', '2022-09-17 14:02', 340059, 'c200c14726066d640bf15cf3684aac63113c7dc6'),
(4, 1, 1, 206.67, 680445, '2022-09-26 14:02', '2022-09-26 14:02', '2022-09-26 14:02', 340059, 'd46a870eb3a27e098295161547c7f939c0432255'),
(5, 1, 1, 207, 680445, '2022-10-04 14:03', '2022-10-04 14:03', '2022-10-04 14:03', 340059, 'b032fe9bc4663e3bcdf6e44b923c4602deb1cf3e'),
(6, 1, 1, 207, 680445, '2022-10-10 14:04', '2022-10-10 14:04', '2022-10-10 14:04', 340059, '57b5bed020a45cd3efa9eb86a5735018b5018e60'),
(7, 1, 1, 212, 680445, '2022-10-18 14:05', '2022-10-18 14:05', '2022-10-18 14:05', 340059, '247990918abf32b242ee07bc4ae2be677fa7d907'),
(8, 1, 1, 400, 680445, '2022-10-28 14:05', '2022-10-28 14:05', '2022-10-28 14:05', 340059, '7c26c6e5a6ea46d684e3eafeabe0d888e049e1b2'),
(9, 1, 1, 625, 680445, '2022-11-03 14:06', '2022-11-03 14:06', '2022-11-03 14:06', 340059, '02d1eaec4669ceb02dc93b3583673eae62e4525f'),
(10, 2, 2, 105, 680445, '2023-03-24 15:16', '2023-03-24 15:16', '2023-03-24 15:16', 340059, '0e00953fd38a4c101472d18beb58f42df9924085'),
(11, 2, 2, 104, 680445, '2023-03-31 15:19', '2023-03-31 15:19', '2023-03-31 15:19', 340059, '9a0238e5b006d58cca70342ee5ac4fae97872b66'),
(12, 2, 2, 103.34, 680445, '2023-04-07 15:20', '2023-04-07 15:20', '2023-04-07 15:20', 340059, '57e7aa9d21e72a82e15ae51fec6258571657b62e'),
(13, 2, 2, 103.34, 680445, '2023-04-17 15:20', '2023-04-17 15:20', '2023-04-17 15:20', 340059, '6a3280d8b8cc744234627a372cb8552494742660'),
(14, 2, 2, 103.34, 680445, '2023-04-26 15:21', '2023-04-26 15:21', '2023-04-26 15:21', 340059, 'cb3cdfb14e690c4e52e99c56a92b35ac5d2706bd'),
(15, 2, 2, 103.34, 680445, '2023-05-05 15:21', '2023-05-05 15:21', '2023-05-05 15:21', 340059, '47df8c28793fff44098de20b2fe8b3d4791bc941'),
(16, 2, 2, 103.34, 680445, '2023-05-17 15:22', '2023-05-17 15:22', '2023-05-17 15:22', 340059, '27685fda9778a88480faadf5b4334e39b8ea34da'),
(17, 2, 2, 103.34, 680445, '2023-06-02 15:22', '2023-06-02 15:22', '2023-06-02 15:22', 340059, '1f5c70335b8737fcbb8bbcc56d366ab3f69e1028'),
(18, 2, 2, 103.34, 680445, '2023-06-13 15:23', '2023-06-13 15:23', '2023-06-13 15:23', 340059, '3a65abfa6344b6acba32dfe0c3f38d9be9a8ef14'),
(19, 2, 2, 103.34, 680445, '2023-06-26 15:23', '2023-06-26 15:23', '2023-06-26 15:23', 340059, 'db480747a8586a78b16043884881795c53ba2e26'),
(20, 2, 2, 103.34, 680445, '2023-07-10 15:25', '2023-07-10 15:25', '2023-07-10 15:25', 340059, 'c5deb666ce9d2972ef988e7a5d3d6e445c65ddef'),
(32, 4, 4, 800, 680445, '2022-10-24 16:18', '2022-10-24 16:18', '2022-10-24 16:18', 340059, '5801b3ef89ff0f8107ce536d91dddf97e21d33c9'),
(33, 4, 4, 750, 680445, '2022-11-22 16:20', '2022-11-22 16:20', '2022-11-22 16:20', 340059, 'c93513d3b1262dc6563ad535da2a3d507840ba9f'),
(34, 4, 4, 930, 680445, '2022-11-12 16:21', '2022-11-12 16:21', '2022-11-12 16:21', 340059, '07e359a79ff344b7acb948a0c2a04f01d1d19599'),
(35, 4, 5, 1640, 680445, '2023-09-08 16:26', '2023-09-08 16:26', '2023-09-08 16:26', 340059, '8680d9394ec4a57bb6ce84adffd41b5a6dbcd850'),
(36, 4, 5, 1000, 680445, '2023-10-05 16:26', '2023-10-05 16:26', '2023-10-05 16:26', 340059, '2cec5d955999da8a1e11f0a20338706c316623e4'),
(37, 5, 6, 280, 680445, '2022-12-19 16:49', '2022-12-19 16:49', '2022-12-19 16:49', 340059, '91cd3a14b9ad51d745c9dea45059cf7c943c5797'),
(38, 5, 6, 400, 680445, '2023-01-12 16:50', '2023-01-12 16:50', '2023-01-12 16:50', 340059, '26fdd0d66d00877d8e21ad4a05caaf7a2fd57ddd'),
(39, 5, 6, 400, 680445, '2023-01-18 16:51', '2023-01-18 16:51', '2023-01-18 16:51', 340059, 'c5205abb36bfd57cfcf3a6120836d9e6939ba9cb'),
(40, 5, 6, 400, 680445, '2023-01-31 16:51', '2023-01-31 16:51', '2023-01-31 16:51', 340059, '6cc7d0eec38b2cd2096d4b3417d2878292b2542f'),
(41, 5, 6, 500, 680445, '2023-02-13 16:53', '2023-02-13 16:53', '2023-02-13 16:53', 340059, '0b8a0d736a179e173ceb294c8ea88b9b8b7816d5'),
(42, 5, 6, 500, 680445, '2023-03-03 16:54', '2023-03-03 16:54', '2023-03-03 16:54', 340059, 'd6d8b2f12bb33f59668d8a875d18c99a4dc81fcb'),
(43, 5, 7, 435, 680445, '2023-07-31 16:58', '2023-07-31 16:58', '2023-07-31 16:58', 340059, '76d02482355d3fad323297d0193b3609ffc4958a'),
(44, 5, 7, 435, 680445, '2023-08-14 16:59', '2023-08-14 16:59', '2023-08-14 16:59', 340059, '9ea45bfce1e207bbdf0c4efd15419a63b069e570'),
(45, 5, 7, 435, 680445, '2023-08-24 17:00', '2023-08-24 17:00', '2023-08-24 17:00', 340059, 'ce06318020b364c7a6c32d8a30552cfedd9976b0'),
(46, 5, 7, 700, 680445, '2023-10-19 17:00', '2023-10-19 17:00', '2023-10-19 17:00', 340059, 'e13f7e1f5e1266eb8fb8863c77edb88a66c2a54b'),
(47, 5, 7, 500, 680445, '2023-11-20 17:02', '2023-11-20 17:02', '2023-11-20 17:02', 340059, '362df0ffd96285eb81ed17f8ed78c2b1575f9d31'),
(48, 6, 8, 207, 680445, '2024-03-22 17:21', '2024-03-22 17:21', '2024-03-22 17:21', 340059, 'b39f5572b0cd6731fe3f8c1afd7598f3f2a46767'),
(49, 6, 8, 207, 680445, '2024-03-29 17:22', '2024-03-29 17:22', '2024-03-29 17:22', 340059, '59a6a302efd7b39f40cd8a163ba09e8d8071c8af'),
(50, 6, 8, 207, 680445, '2024-04-05 17:22', '2024-04-05 17:22', '2024-04-05 17:22', 340059, '015da92928530c1865e894bca79f44ee0bdc3a13'),
(51, 6, 8, 207, 680445, '2024-04-12 17:23', '2024-04-12 17:23', '2024-04-12 17:23', 340059, 'a3a0c9103eb795bbcd445cc558b7afea9c37275c'),
(52, 6, 8, 207, 680445, '2024-04-19 17:25', '2024-04-19 17:25', '2024-04-19 17:25', 340059, '596439abdaa04657a93b2a41172d6a92f8806715'),
(53, 6, 8, 207, 680445, '2024-04-26 17:25', '2024-04-26 17:25', '2024-04-26 17:25', 340059, '06d37eeb48976112e0420ddcec096e71d6475fb7'),
(54, 6, 8, 207, 680445, '2024-05-03 17:26', '2024-05-03 17:26', '2024-05-03 17:26', 340059, '26ddbede201722fecae09c5a4e4cfef12486080d'),
(55, 6, 8, 206.67, 680445, '2024-05-10 17:26', '2024-05-10 17:26', '2024-05-10 17:26', 340059, '2ddb34335eec67a328b295b2ccb801782ab0344c'),
(56, 6, 8, 206.67, 680445, '2024-05-17 17:28', '2024-05-17 17:28', '2024-05-17 17:28', 340059, '9cac21edd6419b1dfa2a9a512135eb98a26a4120'),
(57, 6, 8, 617.65, 680445, '2024-07-19 17:31', '2024-07-19 17:31', '2024-07-19 17:31', 340059, '11fd3160e7192aa09dd4b325f78b50baf38c350f'),
(58, 5, 7, 2505, 680445, '2024-08-05 21:08', '2024-08-05 21:08', '2024-08-05 21:08', 340059, '2b8d39454388d8345bc7be7b2fc37d1d05b2c322'),
(59, 1, 1, 1.6599999999998545, 680445, '2024-08-05 21:52', '2024-08-05 21:52', '2024-08-05 21:52', 340059, 'b4053794dc9b4d6c3c5ee57cae21105ce7188eda'),
(60, 2, 2, 100.93999999999983, 680445, '2024-08-05 21:52', '2024-08-05 21:52', '2024-08-05 21:52', 340059, '56a0fef3e64812f36c94d2ba27a7612d157c8293');

-- --------------------------------------------------------

--
-- Table structure for table `loan_product_tb`
--

CREATE TABLE `loan_product_tb` (
  `ID` int NOT NULL,
  `NAME` varchar(200) NOT NULL,
  `CODE` int NOT NULL,
  `MIN_AMOUNT` double DEFAULT NULL,
  `MAX_AMOUNT` double DEFAULT NULL,
  `FORM_FEE` double DEFAULT NULL,
  `PROCESSING_FEE` double DEFAULT NULL,
  `INTEREST` double DEFAULT NULL,
  `PENALTY` double NOT NULL,
  `DATE_CREATED` varchar(200) CHARACTER SET utf8mb4 COLLATE utf8mb4_general_ci NOT NULL,
  `DATE_MODIFIED` varchar(200) NOT NULL,
  `CCODE` int NOT NULL,
  `HCODE` longtext NOT NULL
) ENGINE=InnoDB DEFAULT CHARSET=utf8mb3;

--
-- Dumping data for table `loan_product_tb`
--

INSERT INTO `loan_product_tb` (`ID`, `NAME`, `CODE`, `MIN_AMOUNT`, `MAX_AMOUNT`, `FORM_FEE`, `PROCESSING_FEE`, `INTEREST`, `PENALTY`, `DATE_CREATED`, `DATE_MODIFIED`, `CCODE`, `HCODE`) VALUES
(1, 'Business Loan', 1000, 1000, 0, 200, 50, 0.08, 0.08, '2024-04-30 12:28', '2024-05-02 02:28:17pm', 340059, 'aa12d6bd9ea6ff446e444da3e4f3e620b0d8b297'),
(4, 'Salary Advance', 1002, 2000, 10000, 100, 100, 30, 866.67, '2024-07-18 20:08', '2024-07-18 20:08', 377586, '10b92e15250ac46c4e6bd5ca04137f7a59105b2b'),
(5, 'student loan', 1003, 1000, 5000, 20, 50, 3.5, 0.45, '2024-07-22 12:56', '2024-07-22 12:56', 377586, '25993a0ef4df7472814b401864378a290739b038');

-- --------------------------------------------------------

--
-- Table structure for table `loan_tb`
--

CREATE TABLE `loan_tb` (
  `ID` bigint NOT NULL,
  `CODE` int NOT NULL,
  `ACCOUNT_NO` varchar(100) NOT NULL,
  `LOAN_PRODUCT_CODE` int DEFAULT NULL,
  `AMOUNT` double NOT NULL,
  `INTEREST` double DEFAULT NULL,
  `TOTAL` double DEFAULT NULL,
  `REPAYMENT` double DEFAULT NULL,
  `PENALTY` double NOT NULL,
  `COLAT` longtext NOT NULL,
  `LOAN_PERIOD` varchar(100) DEFAULT NULL,
  `CAPACITY` int NOT NULL COMMENT '1:1 Week 2:2 Weeks',
  `DAYS_LEFT` varchar(100) DEFAULT NULL,
  `STATUS` int NOT NULL COMMENT '0:Active 1:Pending 2:Declined 3:Matured',
  `REPAY_STATUS` int NOT NULL COMMENT '0:Complete 1:Pending',
  `DATE_CREATED` varchar(200) NOT NULL,
  `DATE_APPROVE` varchar(200) NOT NULL,
  `DATE_MATURE` varchar(200) DEFAULT NULL,
  `DATE_MODIFIED` varchar(200) DEFAULT NULL,
  `POSTED_BY` int NOT NULL,
  `CCODE` int NOT NULL,
  `HCODE` longtext NOT NULL
) ENGINE=InnoDB DEFAULT CHARSET=utf8mb3;

--
-- Dumping data for table `loan_tb`
--

INSERT INTO `loan_tb` (`ID`, `CODE`, `ACCOUNT_NO`, `LOAN_PRODUCT_CODE`, `AMOUNT`, `INTEREST`, `TOTAL`, `REPAYMENT`, `PENALTY`, `COLAT`, `LOAN_PERIOD`, `CAPACITY`, `DAYS_LEFT`, `STATUS`, `REPAY_STATUS`, `DATE_CREATED`, `DATE_APPROVE`, `DATE_MATURE`, `DATE_MODIFIED`, `POSTED_BY`, `CCODE`, `HCODE`) VALUES
(1, 1000, 'GRE/BUS/2024/000001', 1000, 2000, 480, 2480, 0, 0, 'CONTAINER', '3', 1, '90', 0, 0, '2022-08-22 13:56', '2024-08-05', '2024-11-3', '2024-08-05 21:05', 680445, 340059, 'e7d1efe6696d1ee66263b1ac575791dfb93eebdb'),
(2, 1001, 'GRE/BUS/2024/000002', 1000, 1000, 240, 1240, 0, 0, 'KIOSK', '3', 1, '90', 0, 0, '2022-09-12 15:10', '2024-08-05', '2024-11-3', '2024-08-05 03:15:45pm', 680445, 340059, '0063d8fb697e0fa2e9e3ea3163e7e18734f7dd27'),
(4, 1003, 'GRE/BUS/2024/000004', 1000, 2000, 480, 2480, 0, 0, 'HOUSE', '3', 1, '90', 0, 0, '2022-09-02 16:15', '2024-08-05', '2024-11-3', '2024-08-05 22:16', 680445, 340059, 'd27c8f687fb7964c55d28f7313eef0ce1a84b33d'),
(5, 1004, 'GRE/BUS/2024/000004', 1000, 4000, 960, 4960, 0, 0, 'HOUSE', '3', 1, '90', 0, 1, '2023-07-08 16:22', '2024-08-05', '2024-11-3', '2024-08-06 10:23', 680445, 340059, '7bf844efda704ceee622c971dfc4fb334e6a142c'),
(6, 1005, 'GRE/BUS/2024/000005', 1000, 2000, 480, 2480, 0, 0, 'CONTAINER', '3', 1, '90', 0, 0, '2022-12-05 16:46', '2024-08-05', '2024-11-3', '2024-08-05 21:06', 680445, 340059, 'ce1e9e8724a32f5ef3453b190050413a3126a5a2'),
(7, 1006, 'GRE/BUS/2024/000005', 1000, 3000, 480, 3480, 0, 0, 'CONTAINER', '2', 1, '60', 0, 0, '2023-07-13 16:56', '2024-08-05', '2024-10-4', '2024-08-05 04:57:53pm', 680445, 340059, '2f8f204c8adbc110916d456c545b352427546200'),
(8, 1007, 'GRE/BUS/2024/000006', 1000, 2000, 480, 2480, 0, 0, 'CONTAINER', '3', 1, '90', 0, 1, '2024-02-22 17:19', '2024-08-05', '2024-11-3', '2024-08-06 10:23', 680445, 340059, 'd861322d0b532168fb410231cbdf317e095e4d1d'),
(9, 1008, 'GRE/BUS/2024/000003', 1000, 2000, 160, 2160, 0, 0, 'My car', '1', 1, '30', 1, 1, '2024-08-06 10:23', '0', '0', '2024-08-06 10:23', 660546, 340059, '6f3138fd2279623353dd77d71bab2466fe1486bd');

-- --------------------------------------------------------

--
-- Table structure for table `momo_trans_tb`
--

CREATE TABLE `momo_trans_tb` (
  `ID` int NOT NULL,
  `DEPOSIT` varchar(200) NOT NULL,
  `DEPOSIT_COMM` varchar(200) DEFAULT NULL,
  `CASHOUT` varchar(200) NOT NULL,
  `CASHOUT_COMM` varchar(200) DEFAULT NULL,
  `POSTED_BY` int DEFAULT NULL,
  `DATE_CREATED` varchar(200) NOT NULL,
  `DATE_MODIFIED` varchar(50) DEFAULT NULL,
  `CCODE` int DEFAULT NULL,
  `HCODE` longtext
) ENGINE=MyISAM DEFAULT CHARSET=utf8mb3;

-- --------------------------------------------------------

--
-- Table structure for table `month_tb`
--

CREATE TABLE `month_tb` (
  `ID` int NOT NULL,
  `MONTHCODE` varchar(50) NOT NULL,
  `CODE` varchar(50) NOT NULL,
  `SELECTION` varchar(5) DEFAULT NULL
) ENGINE=MyISAM DEFAULT CHARSET=utf8mb3;

-- --------------------------------------------------------

--
-- Table structure for table `no_account_tb`
--

CREATE TABLE `no_account_tb` (
  `ID` int NOT NULL,
  `CLIENT_ID` int DEFAULT NULL,
  `DATE_CREATED` timestamp NOT NULL DEFAULT CURRENT_TIMESTAMP ON UPDATE CURRENT_TIMESTAMP,
  `CCODE` int NOT NULL,
  `HCODE` longtext NOT NULL
) ENGINE=MyISAM DEFAULT CHARSET=utf8mb3;

-- --------------------------------------------------------

--
-- Table structure for table `occupation_tb`
--

CREATE TABLE `occupation_tb` (
  `ID` int NOT NULL,
  `OCCUPATION` varchar(200) NOT NULL,
  `DATE_CREATED` timestamp NOT NULL DEFAULT CURRENT_TIMESTAMP ON UPDATE CURRENT_TIMESTAMP,
  `CCODE` int NOT NULL,
  `HCODE` longtext NOT NULL
) ENGINE=InnoDB DEFAULT CHARSET=utf8mb3;

--
-- Dumping data for table `occupation_tb`
--

INSERT INTO `occupation_tb` (`ID`, `OCCUPATION`, `DATE_CREATED`, `CCODE`, `HCODE`) VALUES
(1, 'Teacher', '2020-10-19 12:05:16', 0, ''),
(2, 'Farmer', '2020-10-19 12:05:16', 0, ''),
(3, 'Nurse', '2020-10-19 12:05:16', 0, ''),
(4, 'Lawyer', '2020-10-19 12:05:16', 0, ''),
(5, 'Police', '2020-10-19 12:05:16', 0, ''),
(6, 'Soldier', '2020-10-19 12:05:16', 0, ''),
(7, 'Trader', '2020-10-19 12:05:16', 0, ''),
(8, 'Artisan', '2020-10-19 12:05:16', 0, ''),
(9, 'Doctor', '2020-10-19 12:05:16', 0, ''),
(10, 'Aboboyaa rider', '2020-10-19 12:05:16', 0, ''),
(11, 'Okada rider', '2020-10-19 12:05:16', 0, ''),
(12, 'Mason', '2020-10-19 12:55:31', 0, ''),
(14, 'Hairdresser', '2020-10-20 13:11:37', 0, ''),
(15, 'Seamstress', '2020-10-20 13:12:28', 0, ''),
(16, 'Welder', '2020-10-20 13:13:00', 0, ''),
(17, 'Driver', '2020-10-20 13:13:31', 0, ''),
(18, 'Store Attendent', '2020-10-24 14:56:56', 0, ''),
(19, 'Barber', '2020-10-24 15:02:05', 0, ''),
(20, 'Electrician', '2020-10-24 15:11:58', 0, ''),
(21, 'Auto  Electrician', '2020-10-24 15:12:45', 0, ''),
(22, 'Graphic  Designer', '2020-10-24 15:13:20', 0, ''),
(23, 'Multi Tv - Installer', '2020-10-24 15:14:21', 0, ''),
(24, 'Tv & Radio Repairer', '2020-10-24 15:15:21', 0, ''),
(25, 'Computer Specialist', '2020-10-24 15:16:00', 0, ''),
(26, 'Vulcanizer', '2020-10-24 15:19:32', 0, ''),
(27, 'Carpenter', '2020-10-24 15:22:20', 0, ''),
(28, 'Steel Bender', '2020-10-26 01:42:13', 0, ''),
(29, 'Mechanical  Engineer', '2020-10-26 03:23:25', 0, ''),
(30, 'Student', '2020-10-26 14:24:18', 0, ''),
(31, 'Engineer', '2020-10-27 09:14:52', 0, ''),
(32, 'Pastor', '2020-10-27 17:28:04', 0, ''),
(0, 'Graphic designer ', '2022-07-10 09:30:13', 251115, '817467fd974175d6875ccbe4b04b15e25146620d'),
(0, 'worker at S.D Property LTD', '2022-09-13 19:34:34', 381272, 'bcb82ab4ffb2211820455ef190fe78c34e75258c'),
(0, 'constructor', '2022-09-22 15:05:25', 381272, 'd3c41e57747513710115f118377f23e84ed9008e');

-- --------------------------------------------------------

--
-- Table structure for table `penalty_tb`
--

CREATE TABLE `penalty_tb` (
  `ID` bigint NOT NULL,
  `CUSTOMERID` bigint DEFAULT NULL,
  `LOANID` bigint DEFAULT NULL,
  `BALANCE` double NOT NULL,
  `PRATE` double NOT NULL,
  `AMOUNT` double NOT NULL,
  `POSTED_BY` int NOT NULL,
  `DATE_NORMAL` varchar(200) COLLATE utf8mb4_general_ci NOT NULL,
  `DATE_CREATED` varchar(100) COLLATE utf8mb4_general_ci NOT NULL,
  `DATE_MODIFIED` varchar(100) COLLATE utf8mb4_general_ci DEFAULT NULL,
  `CCODE` int NOT NULL,
  `HCODE` longtext COLLATE utf8mb4_general_ci NOT NULL
) ENGINE=InnoDB DEFAULT CHARSET=utf8mb4 COLLATE=utf8mb4_general_ci;

-- --------------------------------------------------------

--
-- Table structure for table `product_tb`
--

CREATE TABLE `product_tb` (
  `ID` int NOT NULL,
  `NAME` varchar(200) NOT NULL,
  `CODE` varchar(200) DEFAULT NULL,
  `INITIAL_MIN_AMOUNT` varchar(200) NOT NULL,
  `INITIAL_MAX_AMOUNT` varchar(200) DEFAULT NULL,
  `BALANCE_MIN` varchar(200) DEFAULT NULL,
  `BALANCE_MAX` varchar(200) DEFAULT NULL,
  `INTEREST_RATE` varchar(200) DEFAULT NULL,
  `INTEREST_PERIOD` varchar(200) DEFAULT NULL,
  `DEPOSIT_COMM` double DEFAULT NULL,
  `WITHDRAWAL_COMM` double DEFAULT NULL,
  `SOURCE` int DEFAULT NULL COMMENT '1:SUSU/Savings 2:Agency',
  `CLIENT_ID` int DEFAULT NULL,
  `DATE_CREATED` timestamp NOT NULL DEFAULT CURRENT_TIMESTAMP ON UPDATE CURRENT_TIMESTAMP,
  `DATE_MODIFIED` varchar(100) DEFAULT NULL,
  `CCODE` int DEFAULT NULL,
  `HCODE` longtext
) ENGINE=MyISAM DEFAULT CHARSET=latin1;

--
-- Dumping data for table `product_tb`
--

INSERT INTO `product_tb` (`ID`, `NAME`, `CODE`, `INITIAL_MIN_AMOUNT`, `INITIAL_MAX_AMOUNT`, `BALANCE_MIN`, `BALANCE_MAX`, `INTEREST_RATE`, `INTEREST_PERIOD`, `DEPOSIT_COMM`, `WITHDRAWAL_COMM`, `SOURCE`, `CLIENT_ID`, `DATE_CREATED`, `DATE_MODIFIED`, `CCODE`, `HCODE`) VALUES
(1, 'Daily SUSU', '247344', '10', '0', '50', 'undefined', '0', '0', NULL, NULL, NULL, NULL, '2024-04-26 14:24:59', '2024-04-26 14:24:59', 340059, 'c2b355099388d2e5d31343ccd681b48767ea85c9'),
(2, 'PREMIUM Savings', '241632', '100', '0', '100', 'undefined', '5', '7', NULL, NULL, NULL, NULL, '2024-06-03 19:43:21', '2024-06-03 19:43:21', 518163, 'ee9ceb382df0ef80a6fa286ffd5b41b1192d2f18'),
(3, 'Daily Susu', '913427', '500', '100000', '50', 'undefined', '2', '0', NULL, NULL, NULL, NULL, '2024-07-11 15:11:16', '2024-07-11 15:11:16', 377586, '966cf1d373bf4534bd335ab483423e7bd2c21511'),
(4, 'SMEPro Banking', '946768', '100', '0', '100', 'undefined', '2', '30', NULL, NULL, NULL, NULL, '2024-07-12 13:48:37', '2024-07-12 13:48:37', 340059, '2017bc7c988b116f9fa4c0b0a2e3aa96cae944bf'),
(5, 'Susu Savings', '694644', '1000', '5', '5', 'undefined', '3.22', '30', NULL, NULL, NULL, NULL, '2024-07-14 16:13:26', '2024-07-14 16:13:26', 961704, 'd97de630d4af3616baa2890c6c8ebd8808e1d051'),
(6, 'Eazy Savings ', '809827', '100', '100000', '50', 'undefined', '2.5', '30', NULL, NULL, NULL, NULL, '2024-07-18 12:59:51', '2024-07-18 12:59:51', 499047, 'fcb3e45791256126790573b39a54e55c3736eff0'),
(7, 'Daily SUSU', '266788', '100', '0', '100', 'undefined', '0', '7', NULL, NULL, NULL, NULL, '2024-07-18 16:19:22', '2024-07-18 16:19:22', 516448, '922b48014bb3809d3dbfd6d8b1bb7a6a70797b7b'),
(8, 'E-NICE DAILY SUSU  ', '556332', '5', '2000', '5', 'undefined', '3.33', '30', NULL, NULL, NULL, NULL, '2024-07-19 13:36:59', '2024-07-19 13:36:59', 270530, 'c1e078577e62cd18b9c650a8fadc9470ddc66fe9'),
(9, 'Stationary Susu ', '395645', '10', '1000', '10', 'undefined', '3.33', '30', NULL, NULL, NULL, NULL, '2024-07-20 17:54:13', '2024-07-20 17:54:13', 270530, 'b5d625b546548d0193fc0f5a237c01a1a9b3b373'),
(10, 'Fidelity Banking', '925396', '10000', '100000', '5', 'undefined', '0', '0', NULL, NULL, NULL, NULL, '2024-07-22 13:56:51', '2024-07-22 13:56:51', 377586, 'f6eb839610dee84224a3e6ee7906cc17bd51f6c3'),
(11, 'Fidelity Agency', '801195', '200', '0', '200', 'undefined', '0', '0', 0.08, 0.07, 2, NULL, '2024-07-23 04:39:00', '2024-07-23 04:39:00am', 516448, 'd7ca666f2b80b0a980243ac2b2da24574755a9c7'),
(12, 'Ecobank', '393100', '100', '20000', '100', 'undefined', '5', '7', 0.01, 0.01, 2, NULL, '2024-07-31 02:58:33', '2024-07-31 02:58:33', 352648, '0e5783a8fe6356f12f686097ec02afadd86b0385');

-- --------------------------------------------------------

--
-- Table structure for table `residence_tb`
--

CREATE TABLE `residence_tb` (
  `ID` int NOT NULL,
  `AREA` varchar(200) NOT NULL,
  `DATE_CREATED` timestamp NOT NULL DEFAULT CURRENT_TIMESTAMP ON UPDATE CURRENT_TIMESTAMP,
  `DATE_MODIFIED` varchar(100) DEFAULT NULL,
  `CCODE` int DEFAULT NULL,
  `HCODE` longtext
) ENGINE=InnoDB DEFAULT CHARSET=latin1;

--
-- Dumping data for table `residence_tb`
--

INSERT INTO `residence_tb` (`ID`, `AREA`, `DATE_CREATED`, `DATE_MODIFIED`, `CCODE`, `HCODE`) VALUES
(2, 'Adanse', '2024-02-02 02:52:55', NULL, 233211, '1c04c7b7bf608010ad75b5631e8bb188'),
(3, 'Atekyemu', '2024-02-02 02:52:55', NULL, 233211, '15bbf1d7d0bf7b9445bdec9d81a014a9'),
(4, 'Clinic', '2024-02-02 02:52:55', NULL, 233211, '2d6d25bbb0869191bb1561d18651cffd'),
(5, 'Bowohomoden', '2024-02-02 02:52:55', NULL, 233211, '00275c5fbb95015cec43d901a41d6af1'),
(6, 'Amankwaakrom', '2024-02-02 02:52:55', NULL, 233211, '6ea066a3237bf81424759a425055e599'),
(7, 'Odurokrom', '2024-02-02 02:52:55', NULL, 233211, 'a5c34d5eff73637218bfd06c1a4a3ca2'),
(8, 'Old Zongo', '2024-02-02 02:52:55', NULL, 233211, 'd86d9b602d9f6348e44170ee49321ad2'),
(9, 'New Zongo', '2024-02-02 02:52:55', NULL, 233211, 'af9c47ceb2c739c6b39266b003ee3b88'),
(10, 'Aboasa', '2024-02-02 02:52:55', NULL, 233211, 'cbf20470dcd4c1125751bc033d86461b'),
(11, 'Beposo', '2024-02-02 02:52:55', NULL, 233211, '52e8d7940a4987295fe4853e0ebf949b'),
(12, 'Tiboase', '2024-02-02 02:52:55', NULL, 233211, '3c16896040168451f651227189ef22ba'),
(13, 'Apenkwa', '2024-02-02 02:52:55', NULL, 233211, 'b3667da8458b78cc717abee2c24a4246'),
(14, 'Station', '2024-02-02 02:52:55', NULL, 233211, '73628cdfe097106625607a3bd06b22c2'),
(15, 'Amanfrom', '2024-02-02 02:52:55', NULL, 233211, '4c536480bc51d2b707336d7f106c5c2a'),
(16, 'Mmrewasan', '2024-02-02 02:52:55', NULL, 233211, '876b9b87b8e39e59421b013eb99ffef7'),
(17, 'Bofenase', '2024-02-02 02:52:55', NULL, 233211, 'b0ad7033873b1fb254d35fece4028676'),
(30, 'Presby School Area', '2024-02-02 02:52:55', NULL, 233211, 'dbefe76a6db0bfdbf5ff356a48bee49f'),
(31, 'Main Market', '2024-02-02 02:52:55', NULL, 233211, '6fafa0a93804ed650217567ca079f34a'),
(32, 'Plumper', '2024-02-02 02:52:55', NULL, 233211, 'e3080a58a60e61dbc4659c19927d2171'),
(33, 'Akookoosu', '2024-02-02 02:52:55', NULL, 233211, '239290e7aa3549c0f55439dc84e3fe86'),
(34, 'Bomaamu', '2024-02-02 02:52:55', NULL, 233211, '95d43616c789dcc3ba1022229f9bc15b'),
(35, 'Atobriso', '2024-02-02 02:52:55', NULL, 233211, '7b1c13be43025512c5155966cbb46d88'),
(36, 'Tema', '2024-04-25 19:51:00', NULL, 340059, '82ed3c290d1072995d2ebb0ff337d71c2020edbd'),
(37, 'Kpone', '2024-04-26 13:49:15', NULL, 340059, '858aefc44ad43cd049578420014177dc435b8554'),
(38, 'Bakaano', '2024-04-26 14:44:57', NULL, 340059, '3f375ced55202c5d1329ee808ad702fa61917fd8'),
(39, 'KLAGO', '2024-04-26 15:39:59', NULL, 340059, '0fcb67565dadac39f176fb2a3bc26cb63baa459b'),
(40, 'Breman Asikuma', '2024-05-14 11:05:41', NULL, 340059, '5ab86fddef5a8cfdea6b07308398148516f5ab91'),
(41, 'Tema', '2024-06-03 19:31:51', NULL, 518163, '2053a7f140c28c5296dd8a46912de2a0221d7205'),
(42, 'Dome', '2024-07-11 15:17:33', NULL, 377586, '1568d455f9928924099307b7ab288bcab1046b6f'),
(43, 'Manhea-Ablekuma', '2024-07-13 09:15:40', NULL, 377586, 'fc32c5490b8a7b9cb1158e22941eee39109d19d7'),
(44, 'Manhean Ablekuma ', '2024-07-14 15:34:56', NULL, 961704, '0dc415197543f64c46e1a0676fe4f42afa8ad70f'),
(45, 'Ablekuma ', '2024-07-18 09:45:40', NULL, 377586, '628ebc7586c4239cf46effe96e06d66ef24a35ae'),
(46, 'K&#39;dua', '2024-07-18 12:57:18', NULL, 499047, 'd389717afdcd80dcc5015eb37f6046ca3e0abb1c'),
(47, 'Kooforidua', '2024-07-18 12:58:07', NULL, 499047, '16b7fb2151acbeaf2f9e29abcb787cd8d53bb694'),
(48, 'Dome', '2024-07-18 16:14:30', NULL, 516448, '3aa6964a11839410ca4a65190c047a50e1d55f0b'),
(49, 'Ofankor', '2024-07-18 19:51:43', NULL, 377586, '48174f6ed87a98267c640e33811b46818e9c65fe'),
(50, 'Ablekuma', '2024-07-19 13:42:26', NULL, 270530, 'a9e6cf4f34b185add36ab6d67e71f9e15030ed68'),
(51, 'Obolo Spot', '2024-07-29 17:49:44', NULL, 270530, 'c651fe76a1773f49830c6af1e8f9507f404a53a6'),
(52, 'Dome', '2024-07-31 03:02:04', NULL, 352648, 'd4a22f5440d5b79b929c352115d45080fe6b7964');

-- --------------------------------------------------------

--
-- Table structure for table `role_settings`
--

CREATE TABLE `role_settings` (
  `ID` int NOT NULL,
  `ROLE` int NOT NULL,
  `REGISTER` int NOT NULL COMMENT '0:Active 1: Inactive',
  `DEPOSIT` int NOT NULL COMMENT '0:Active 1: Inactive',
  `WITHDRAWAL` int NOT NULL COMMENT '0:Active 1: Inactive',
  `TRANSFER` int NOT NULL COMMENT '0:Active 1: Inactive',
  `HISTORY` int NOT NULL COMMENT '0:Active 1: Inactive',
  `LOAN` int NOT NULL COMMENT '0:Active 1: Inactive',
  `DATE_MODIFIED` varchar(100) DEFAULT NULL,
  `POSTED_BY` int NOT NULL COMMENT '0:Active 1: Inactive',
  `CCODE` int NOT NULL,
  `HCODE` longtext NOT NULL
) ENGINE=InnoDB DEFAULT CHARSET=utf8mb3;

--
-- Dumping data for table `role_settings`
--

INSERT INTO `role_settings` (`ID`, `ROLE`, `REGISTER`, `DEPOSIT`, `WITHDRAWAL`, `TRANSFER`, `HISTORY`, `LOAN`, `DATE_MODIFIED`, `POSTED_BY`, `CCODE`, `HCODE`) VALUES
(4, 1, 0, 0, 0, 0, 0, 0, '2022-06-30', 234532, 364834, '1e640045a9ea0361947c03f2d394356b3ffc1c90'),
(5, 5, 0, 0, 1, 1, 0, 1, '2022-06-30', 234532, 364834, '60cbba0a834031b7c81fb0d8884a4eb80be748f8'),
(6, 3, 0, 0, 0, 1, 0, 1, '2022-06-30', 234532, 364834, '9d32c734b81eccb95b50e252de17ffcd7e221ebf'),
(7, 1, 0, 0, 0, 0, 0, 0, '2022-07-01', 234532, 104565, '07ab23bd171068b87aa0b052f167ec45f1161dff'),
(8, 5, 0, 0, 1, 1, 0, 1, '2022-07-01', 234532, 104565, '118432b728e009a7e22783d190d975457486124b'),
(9, 3, 0, 0, 0, 1, 0, 1, '2022-07-01', 234532, 104565, 'a8ceac7da0a31633d12abdfe9ba4b272b8a520d9'),
(10, 1, 0, 0, 0, 0, 0, 0, '2022-07-01', 234532, 604996, 'bcc67c71d18e0a3a55f26984a59f8fd8519d2beb'),
(11, 5, 0, 0, 1, 1, 0, 1, '2022-07-01', 234532, 604996, 'cdd788b66e33547c44d3c5c6910cad44e1f964af'),
(12, 3, 0, 0, 0, 1, 0, 1, '2022-07-01', 234532, 604996, '1ea8c955105ca331225cadae0da159fce934019c'),
(13, 1, 0, 0, 0, 0, 0, 0, '2022-07-01', 234532, 616561, 'e0ae8afabb2835057b8158458601a02a06201e8a'),
(14, 5, 0, 0, 1, 1, 0, 1, '2022-07-01', 234532, 616561, '8723528882da31e59110f7581996b245573e9af0'),
(15, 3, 0, 0, 0, 1, 0, 1, '2022-07-01', 234532, 616561, 'bd768dd8f4d05d9af1608d1248868e368e55d724'),
(16, 1, 0, 0, 0, 0, 0, 0, '2022-07-01', 234532, 897326, 'caf65176d774c74eee5d6cf9251fe89e200832ac'),
(17, 5, 0, 0, 1, 1, 0, 1, '2022-07-01', 234532, 897326, '8658a2e8e650fedb5e153af499fe237f36c370fa'),
(18, 3, 0, 0, 0, 1, 0, 1, '2022-07-01', 234532, 897326, '0ba42907f04819687c0dd33a46eac9f596839977'),
(19, 1, 0, 0, 0, 0, 0, 0, '2022-07-02', 234532, 822796, '206b322c0e749838c62d4cf15b5e0f6827e60ff5'),
(20, 5, 0, 0, 1, 1, 1, 1, '2022-07-07 03:26:37pm', 508199, 822796, '7f823d0c7e580020666c72a777f038c54c6adbf6'),
(21, 3, 0, 0, 0, 0, 0, 1, '2022-07-07 03:26:37pm', 508199, 822796, '2e8d2f4ee62ab558d26e2dd9c6087535a236aac0'),
(22, 1, 0, 0, 0, 0, 0, 0, '2022-07-03', 234532, 519574, 'ac4ab4fa7441aa5993a422ce22412098db37c9fe'),
(23, 5, 0, 0, 1, 1, 0, 1, '2022-07-03', 234532, 519574, 'a56b1bad0cff3e2f5fa7fb55698c97403842b9f8'),
(24, 3, 0, 0, 0, 1, 0, 1, '2022-07-03', 234532, 519574, '0739dfee35444cb00690e0986e335bffcb3a49f3'),
(25, 1, 0, 0, 0, 0, 0, 0, '2022-07-06', 234532, 603634, '3a9f0584bc557624daaf5b58cdd387a5cb773bad'),
(26, 5, 0, 0, 1, 1, 0, 1, '2022-07-06', 234532, 603634, '7017f4e721b6490c7a8b457b25cff0d6df4f0e7d'),
(27, 3, 0, 0, 0, 1, 0, 1, '2022-07-06', 234532, 603634, '62f0fec0fade848ca491ef5365c5f4be805f9eb5'),
(28, 1, 0, 0, 0, 0, 0, 0, '2022-07-10', 234532, 251115, 'f60c0e88e61d15d76ed0a887a00a59d49b4c8f95'),
(29, 5, 0, 0, 1, 1, 1, 1, '2022-07-11 10:43:50pm', 586652, 251115, '6b1f5cb31d39271f6bfe3e521f85f5d1ab2f40c0'),
(30, 3, 0, 0, 0, 1, 1, 1, '2022-07-11 10:43:50pm', 586652, 251115, '8f330f4787208da1dcef5eaa1c818a27bc21ee6a'),
(31, 1, 0, 0, 0, 0, 0, 0, '2022-07-11', 234532, 381877, '0d82eca6455e375536c1167da256d5603db060ad'),
(32, 5, 0, 0, 1, 1, 0, 1, '2022-07-11', 234532, 381877, 'e5d6213a22df64182067bee813cb35169674648e'),
(33, 3, 0, 0, 0, 1, 0, 1, '2022-07-11', 234532, 381877, '1222297874bf35b44e896904d458db7ddfbca23f'),
(34, 1, 0, 0, 0, 0, 0, 0, '2022-07-13', 234532, 948296, '9720d4b12f53cf8c43ad5edc3f2336b585a84a05'),
(35, 5, 0, 0, 1, 1, 0, 1, '2022-07-13', 234532, 948296, '338a1da38c544f4f43fa9b0c4da4ac15242594d4'),
(36, 3, 0, 0, 0, 1, 0, 1, '2022-07-13', 234532, 948296, '76951aed0ba6145809457e2eeb650d6a15319903'),
(37, 1, 0, 0, 0, 0, 0, 0, '2022-07-13', 234532, 436944, 'a760cf334d088eacb19bea1f40614a5421e96b00'),
(38, 5, 0, 0, 1, 1, 0, 1, '2022-07-13', 234532, 436944, '3089e0d1e466f2b6baf85087f7472945d0850236'),
(39, 3, 0, 0, 0, 1, 0, 1, '2022-07-13', 234532, 436944, '71e08254c63cfcfba4f2f67173e0912d5dd0b22d'),
(40, 1, 0, 0, 0, 0, 0, 0, '2022-07-13', 234532, 481758, '9383a70119b92d443e130c57e399791d43f11890'),
(41, 5, 0, 0, 1, 1, 0, 1, '2022-07-13', 234532, 481758, 'eac7060c23068290cfb48d68dd6f99307788ad76'),
(42, 3, 0, 0, 0, 1, 0, 1, '2022-07-13', 234532, 481758, 'ef3a50fcf23d1a85adc2f87fe8aec4512f68227e'),
(43, 1, 0, 0, 0, 0, 0, 0, '2022-07-13', 234532, 647470, '48f3a7d2a6cddc648a289f9ea6b6287de680beb9'),
(44, 5, 0, 0, 1, 1, 0, 1, '2022-07-13', 234532, 647470, '98b7641ce9aa99fdd72dfeb1e5938dcd491c5e1d'),
(45, 3, 0, 0, 0, 1, 0, 1, '2022-07-13', 234532, 647470, '8e609589fe704c88c22d6b69aeebe91f1200d482'),
(46, 1, 0, 0, 0, 0, 0, 0, '2022-07-13', 234532, 726670, '7016ed08a1036f0aca3a9dbadcec54a39877b060'),
(47, 5, 0, 0, 0, 1, 1, 1, '2022-07-13 11:58:47am', 714860, 726670, '67ef30a4bece81149bcaef17526097e1a9d40aaa'),
(48, 3, 0, 0, 0, 1, 1, 1, '2022-07-13 11:58:47am', 714860, 726670, '871658af410c6516bd0911d7838a9876fb380a77'),
(49, 1, 0, 0, 0, 0, 0, 0, '2022-07-14', 234532, 520403, 'ecae5e9c8971f4950535df072a5736bea8112deb'),
(50, 5, 0, 0, 1, 1, 0, 1, '2022-07-14', 234532, 520403, '1a2199b6dcbf71beef5affe0dd92d0d267df9801'),
(51, 3, 0, 0, 0, 1, 0, 1, '2022-07-14', 234532, 520403, '539a079e650fb3882f3ab8174d8912ac9d20a324'),
(52, 1, 0, 0, 0, 0, 0, 0, '2022-07-14', 234532, 949796, '52cb4177319e776fc9bd22b4bf690526c769418c'),
(53, 5, 0, 0, 1, 1, 1, 1, '2022-08-29 11:28:10am', 769406, 949796, '22fda53f271a55d0258be7d591b0f16a2b25d972'),
(54, 3, 0, 0, 0, 0, 0, 1, '2022-08-29 11:28:10am', 769406, 949796, '1301f45e406d12114456bccfd9b61e2cc27b832b'),
(55, 1, 0, 0, 0, 0, 0, 0, '2022-07-15', 234532, 984706, '16a4b8b24d4c26cdc53c30cdd387bf20bfb6d66d'),
(56, 5, 0, 0, 1, 1, 0, 1, '2022-07-15', 234532, 984706, 'a6c64bf49c38e498bce0a580e0b2ea355c4c0661'),
(57, 3, 0, 0, 0, 1, 0, 1, '2022-07-15', 234532, 984706, '0e32ccda8b8b6bdad32b08d42a8da5f091c08884'),
(58, 1, 0, 0, 0, 0, 0, 0, '2022-07-15', 234532, 618608, 'ed7889ace2ecf7bf4af221b07faa7c0aeed9b033'),
(59, 5, 0, 0, 1, 1, 0, 1, '2022-07-15', 234532, 618608, '3a063c5f09c88aace17015fc4726695d7d564b83'),
(60, 3, 0, 0, 0, 1, 0, 1, '2022-07-15', 234532, 618608, 'b5694d299510a75584a85eec07f14e7abe0a3f13'),
(61, 1, 0, 0, 0, 0, 0, 0, '2022-07-15', 234532, 297358, '26252d2359f1d1bda804716a613526ce02b3bea0'),
(62, 5, 0, 0, 1, 1, 0, 1, '2022-07-15', 234532, 297358, '8bf82da269f2323f88a032ec6f24d859efb6db03'),
(63, 3, 0, 0, 0, 1, 0, 1, '2022-07-15', 234532, 297358, '6a3f8c1b0fb86f2469adb067e9cd1b35b64af2de'),
(64, 1, 0, 0, 0, 0, 0, 0, '2022-07-15', 234532, 618782, 'c66087b3569108a2481efe2f296a07720f7c587b'),
(65, 5, 0, 0, 1, 1, 0, 1, '2022-07-15', 234532, 618782, '183d706b38f7cbb380086f4c074635f5976ef752'),
(66, 3, 0, 0, 0, 1, 0, 1, '2022-07-15', 234532, 618782, 'e16628517c7a3efb6bc7c4eafaaaa62cf893d6e1'),
(67, 1, 0, 0, 0, 0, 0, 0, '2022-07-15', 234532, 984103, 'b2bce48544b4cafc7c0d032ecce6fd15352898d0'),
(68, 5, 0, 0, 1, 1, 0, 1, '2022-07-15', 234532, 984103, '0b2589dc19dc1159bf76d2c305d8db036f7918ed'),
(69, 3, 0, 0, 0, 1, 0, 1, '2022-07-15', 234532, 984103, '975ca5b37702f986b5bed046f5db724934a1ed3f'),
(70, 1, 0, 0, 0, 0, 0, 0, '2022-07-15', 234532, 515097, '2d675a8d0092649ff0257dd82c3b4fe2558ec5b0'),
(71, 5, 0, 0, 1, 1, 0, 1, '2022-07-15', 234532, 515097, '0c8b810377d3afda930ab2fb5ed35635adaf82c8'),
(72, 3, 0, 0, 0, 1, 0, 1, '2022-07-15', 234532, 515097, '8895a8cd40f2e14f18bf95cc9a1cec97e39c9a30'),
(73, 1, 0, 0, 0, 0, 0, 0, '2022-07-15', 234532, 626175, '9878e7f28148d7aea870a502ae40f4da382cda90'),
(74, 5, 0, 0, 1, 1, 0, 1, '2022-07-15', 234532, 626175, '1738b1b1c37d3e90abfb0699d5156478fdc54bf9'),
(75, 3, 0, 0, 0, 1, 0, 1, '2022-07-15', 234532, 626175, 'e5a47af8c6faa81837adc3065eb12eeecce2b067'),
(76, 1, 0, 0, 0, 0, 0, 0, '2022-07-15', 234532, 463006, '2c6ae390e3898498b483ca7ecb67bca6d1aa0cc6'),
(77, 5, 0, 0, 1, 1, 0, 1, '2022-07-15', 234532, 463006, '3fae37e33d49214fd0d7c47d8f3110755cf86ec8'),
(78, 3, 0, 0, 0, 1, 0, 1, '2022-07-15', 234532, 463006, '9b9aab92155c9ac9f6f1c75d8104e4a30a2c497c'),
(79, 1, 0, 0, 0, 0, 0, 0, '2022-07-15', 234532, 723795, '654b0cf064bc31a03d6a1e70e80e1fbcbe088c2a'),
(80, 5, 0, 0, 1, 1, 0, 1, '2022-07-15', 234532, 723795, '3b58f0ab9e3e7b32e9f9b5a62a14545eeaa1fc0b'),
(81, 3, 0, 0, 0, 1, 0, 1, '2022-07-15', 234532, 723795, '7080fe033211bbcf663c177d885e80edaadfbf6d'),
(82, 1, 0, 0, 0, 0, 0, 0, '2022-07-15', 234532, 233211, '7c903d1854324da259582d6f6e1e109bc813b5d3'),
(83, 5, 0, 0, 1, 1, 0, 1, '2022-07-15', 234532, 233211, '8266bc7b09d9ae103a9a0fb767d11755df88a296'),
(84, 3, 0, 0, 0, 1, 0, 1, '2022-07-15', 234532, 233211, '5b44817d4165abe3dcdc36a55d262f75e6ce815d'),
(85, 1, 0, 0, 0, 0, 0, 0, '2022-07-15', 234532, 563554, 'dd58fb8bbca704eeb4de8f9e1278c3586841bd0e'),
(86, 5, 0, 0, 1, 1, 0, 1, '2022-07-15', 234532, 563554, '2e87c8832ad8636be8fd851edd1cad2bd55d88bd'),
(87, 3, 0, 0, 0, 1, 0, 1, '2022-07-15', 234532, 563554, '7cde7c14b6027013399d28847fb7d1717167cec3'),
(88, 1, 0, 0, 0, 0, 0, 0, '2022-07-15', 234532, 811193, '59ab7561eb5063703d54d851b31704bdd6c43f50'),
(89, 5, 0, 0, 1, 1, 0, 1, '2022-07-15', 234532, 811193, '060a1966cb1a00a6140d2c868bc976078b719244'),
(90, 3, 0, 0, 0, 1, 0, 1, '2022-07-15', 234532, 811193, '4f4ab619f2ddaa6e03885ecee41839bb4dc4ac14'),
(91, 1, 0, 0, 0, 0, 0, 0, '2022-08-09', 234532, 715676, '7b609fccd523cb1f112107eb731a9d2d6aa61fa5'),
(92, 5, 0, 0, 1, 1, 0, 1, '2022-08-09', 234532, 715676, 'a0b18931b5a3935e10992740ae1d39f72121e85c'),
(93, 3, 0, 0, 0, 1, 0, 1, '2022-08-09', 234532, 715676, 'b40f73df6ca8bb0d2be6f73c5e5752783dc6d5d5'),
(94, 1, 0, 0, 0, 0, 0, 0, '2022-08-23', 234532, 610240, '419d08bca83a11cc69b2c9b03e04525df21862ca'),
(95, 5, 0, 0, 1, 1, 0, 1, '2022-08-23', 234532, 610240, '800b5b07d8b5cf835ce0a78f338c765c96a05ae0'),
(96, 3, 0, 0, 0, 1, 0, 1, '2022-08-23', 234532, 610240, 'd265485db7a0781baf0a328a372628e7b5cdfd4a'),
(97, 1, 0, 0, 0, 0, 0, 0, '2022-08-29', 234532, 570826, '38552f600ba489ff2cbbded371d561fc7bc38fb0'),
(98, 5, 0, 0, 1, 1, 0, 1, '2022-08-29', 234532, 570826, 'ca8e116791724932315ef3b9ec00d1cef7f4465e'),
(99, 3, 0, 0, 0, 1, 0, 1, '2022-08-29', 234532, 570826, 'ccb225082978eb0f5654ce8e71b977837e45a653'),
(100, 1, 0, 0, 0, 0, 0, 0, '2022-09-13', 234532, 392986, '94d08a93ee7a20c5df124f19b63a8ed4fa354f56'),
(101, 5, 0, 0, 1, 1, 0, 1, '2022-09-13', 234532, 392986, 'a9ae1991cd27c92e1137cae179c7b54df56f0ab8'),
(102, 3, 0, 0, 0, 1, 0, 1, '2022-09-13', 234532, 392986, '07609b3db3631486de1958d0efcb09fb893de20b'),
(103, 1, 0, 0, 0, 0, 0, 0, '2022-09-13', 234532, 137093, '34df7dd5e144fdd0c7627ed04ab032d26a8860fc'),
(104, 5, 0, 0, 1, 1, 0, 1, '2022-09-13', 234532, 137093, '3e81f02ea080a975dcfc5899cfa07d5cdb61aa68'),
(105, 3, 0, 0, 0, 1, 0, 1, '2022-09-13', 234532, 137093, '45f38057146bccc9a5f56993dff115e837cca935'),
(106, 1, 0, 0, 0, 0, 0, 0, '2022-09-13', 234532, 764459, 'c2b77532ff6fe3dd146bef3f1a676783bfdbbbf8'),
(107, 5, 0, 0, 1, 1, 0, 1, '2022-09-13', 234532, 764459, '725d51b88905a41fa6bc5c9cae9d517a7c30d2f7'),
(108, 3, 0, 0, 0, 1, 0, 1, '2022-09-13', 234532, 764459, '2e72a45630a507bcf8f395b5d332715ef212271b'),
(109, 1, 0, 0, 0, 0, 0, 0, '2022-09-13', 234532, 381272, 'f97055d307c35eb0e875d021006f2cb7f7ca02bf'),
(110, 5, 0, 0, 1, 1, 0, 1, '2022-09-13', 234532, 381272, '76d2e96ac2086afb1a2c8504a1ee6454cef3cf3a'),
(111, 3, 0, 0, 0, 1, 0, 1, '2022-09-13', 234532, 381272, '5f818a7039b4293f60568500bb0f18d1fa895a25'),
(112, 1, 0, 0, 0, 0, 0, 0, '2022-09-16', 234532, 474308, 'ae1ddb6d1080d2eeda9d5f011920aa689ec9f8d5'),
(113, 5, 0, 0, 1, 1, 0, 1, '2022-09-16', 234532, 474308, 'fcda514fc94e553556ad200fcfa3ded451a51770'),
(114, 3, 0, 0, 0, 1, 0, 1, '2022-09-16', 234532, 474308, 'faa8564ccf1ff3f45f07cbc2be0abe92abc8eeba'),
(115, 1, 0, 0, 0, 0, 0, 0, '2022-09-21', 234532, 994529, '9f1d2884346e35891154d50b920bc7fc5b4401f3'),
(116, 5, 0, 0, 1, 1, 0, 1, '2022-09-21', 234532, 994529, '534eba2947ba6e53fbcb221a8394022f1dd4f97d'),
(117, 3, 0, 0, 0, 1, 0, 1, '2022-09-21', 234532, 994529, 'bb4261bad412ab3f874acb4f0d11871fdec578bd'),
(118, 1, 0, 0, 0, 0, 0, 0, '2022-10-11', 234532, 200776, 'b7b2ee67a48ab1e3154aba0d9a5835beb06753eb'),
(119, 5, 0, 0, 1, 1, 0, 1, '2022-10-11', 234532, 200776, '37537137f1a978ea3a7cc8469259de16cb666341'),
(120, 3, 0, 0, 0, 1, 0, 1, '2022-10-11', 234532, 200776, '2c69008e2e8b6698106a99ebadb9c3aba0291de6'),
(121, 1, 0, 0, 0, 0, 0, 0, '2022-11-06', 234532, 548706, 'ec4f1fa50710e4845175589964fecaaeff80ea5e'),
(122, 5, 0, 0, 1, 1, 0, 1, '2022-11-06', 234532, 548706, 'ff24c584bb064fee2ab63b0052332b0b3f1bf1d8'),
(123, 3, 0, 0, 0, 1, 0, 1, '2022-11-06', 234532, 548706, '1b4fa22c6810189e7d413cc48f7468aecd52e41e'),
(124, 1, 0, 0, 0, 0, 0, 0, '2023-03-06', 234532, 898101, '042d09799f605ef1d7d8924bb52f506de47d7e0d'),
(125, 5, 0, 0, 1, 1, 0, 1, '2023-03-06', 234532, 898101, 'afd5acf45b9b55b9443cfd255cd9e8af7b503197'),
(126, 3, 0, 0, 0, 1, 0, 1, '2023-03-06', 234532, 898101, '9c13f32a619500dd8abff8753a227c5f2dfe98e5'),
(127, 1, 0, 0, 0, 0, 0, 0, '2023-04-23', 234532, 451923, '9d02912d28f491938eeb2b7cf5f1916cb76e4573'),
(128, 5, 0, 0, 1, 1, 0, 1, '2023-04-23', 234532, 451923, '7e349c5d58fee1c3a3cb4b9b7b497f21cc98daaa'),
(129, 3, 0, 0, 0, 1, 0, 1, '2023-04-23', 234532, 451923, 'ef652d91c07dd2aacf588dad859f0455e58ee0f9'),
(130, 1, 0, 0, 0, 0, 0, 0, '2023-05-29', 234532, 473858, '70b381e16e3d8ae5970599214a20352da65384ad'),
(131, 5, 0, 0, 1, 1, 0, 1, '2023-05-29', 234532, 473858, '12230e41871999509647e884cdc750c3b470bcd4'),
(132, 3, 0, 0, 0, 1, 0, 1, '2023-05-29', 234532, 473858, '97b23fec2d348d3542d5c93683819f41e22e8b07'),
(133, 1, 0, 0, 0, 0, 0, 0, '2023-06-05', 234532, 169954, 'e42426ee8ab28287acef9bb68c8250d19b6e023d'),
(134, 5, 0, 0, 1, 1, 0, 1, '2023-06-05', 234532, 169954, '37a1f9449106f53ab85df0a96c6bb95413e4197d'),
(135, 3, 0, 0, 0, 1, 0, 1, '2023-06-05', 234532, 169954, '8990a46986a347215244223492d133bf6b3134d1'),
(136, 1, 0, 0, 0, 0, 0, 0, '2023-12-04', 234532, 379999, '0ffc0ffbcf45f58f33443047754e818e3d767da6'),
(137, 5, 0, 0, 1, 1, 0, 1, '2023-12-04', 234532, 379999, '8762437cbb9b3ef6022aff5d2ada654c65564abc'),
(138, 3, 0, 0, 0, 1, 0, 1, '2023-12-04', 234532, 379999, '8c118255e35a4d99e01554b0b1bce5954a2e7136'),
(139, 1, 0, 0, 0, 0, 0, 0, '2024-04-25', 234532, 340059, '0d73ffdcc3ceb263b467cf112d4b83c309c72562'),
(140, 5, 0, 0, 1, 1, 0, 1, '2024-04-25', 234532, 340059, '3e70e5c89e6b20bf8596b26701bc4b82b90ef41b'),
(141, 3, 0, 0, 0, 1, 0, 1, '2024-04-25', 234532, 340059, '621cde31c4e50594daf6715627b1615c806f57dd'),
(142, 1, 0, 0, 0, 0, 0, 0, '2024-06-03', 234532, 197163, '6d4696e4f539279d11f6923bbd0f439675d0329d'),
(143, 5, 0, 0, 1, 1, 0, 1, '2024-06-03', 234532, 197163, '101aeeb70960f2b335c3b7b26f4f24ac2487af29'),
(144, 3, 0, 0, 0, 1, 0, 1, '2024-06-03', 234532, 197163, '98f02a98c6c850591ce9265903f1a3d99bb20d2f'),
(145, 1, 0, 0, 0, 0, 0, 0, '2024-06-03', 234532, 518163, 'fe97b0c8f9d10b9641f1534453c184ddfc66736b'),
(146, 5, 0, 0, 1, 1, 0, 1, '2024-06-03', 234532, 518163, '53c581685deb88b1648903a901d3156ec7d6ab8c'),
(147, 3, 0, 0, 0, 1, 0, 1, '2024-06-03', 234532, 518163, '1a94a2c524b1dd414b3daa6af804c4f2420421be'),
(148, 1, 0, 0, 0, 0, 0, 0, '2024-06-03', 234532, 929764, '1457341a0698b8f5ce85580eb010f8517e13e53d'),
(149, 5, 0, 0, 1, 1, 0, 1, '2024-06-03', 234532, 929764, '3c9171819e389ebef327a6992612ae8f2c581ff3'),
(150, 3, 0, 0, 0, 1, 0, 1, '2024-06-03', 234532, 929764, 'e8a3c4c1d4a3fa396019e4ade8cd4f0dcdd5b46d'),
(151, 1, 0, 0, 0, 0, 0, 0, '2024-06-03', 234532, 267680, '6c2f75ad5e54d40371cf1851f863b2262579350e'),
(152, 5, 0, 0, 1, 1, 0, 1, '2024-06-03', 234532, 267680, '48dc7a915af91bc7fa8cf01d797bc16b35233371'),
(153, 3, 0, 0, 0, 1, 0, 1, '2024-06-03', 234532, 267680, '5466668116cca04183422291b94fe0cdadc6b604'),
(154, 1, 0, 0, 0, 0, 0, 0, '2024-06-03', 234532, 371265, 'e345951a15c526a2fdb84490ceb8671e5025bf1c'),
(155, 5, 0, 0, 1, 1, 0, 1, '2024-06-03', 234532, 371265, '25134a61c95df654a1e070eca05c1c2f4560af90'),
(156, 3, 0, 0, 0, 1, 0, 1, '2024-06-03', 234532, 371265, '533eea64ed6ab6f559134119c149d546c89268d6'),
(157, 1, 0, 0, 0, 0, 0, 0, '2024-06-03', 234532, 933642, 'ca71c62850af0610e7879284464d25e0fb0c0c5c'),
(158, 5, 0, 0, 1, 1, 0, 1, '2024-06-03', 234532, 933642, '06c691f6d4530c20cc29b0f06c183a453a9b8032'),
(159, 3, 0, 0, 0, 1, 0, 1, '2024-06-03', 234532, 933642, '59bb444246d623b4971e0d1ae44bd1c8b0c7cacf'),
(160, 1, 0, 0, 0, 0, 0, 0, '2024-07-11', 234532, 377586, '98831a8bdf929ac265478016918bfab8dba9ff05'),
(161, 5, 0, 0, 1, 1, 0, 1, '2024-07-11', 234532, 377586, '153b055f45e58e64521ef4426aa88ff07c7df0bb'),
(162, 3, 0, 0, 0, 1, 0, 1, '2024-07-11', 234532, 377586, '2cfe56ea4e614635ca9d2a290514478b59686ccc'),
(163, 1, 0, 0, 0, 0, 0, 0, '2024-07-14', 234532, 961704, 'ec8996c324d002e18b8434bf898cdc6bc4619012'),
(164, 5, 0, 0, 1, 1, 0, 1, '2024-07-14', 234532, 961704, 'bc206a36bb77c82e1af90057fe033cb01d229ffb'),
(165, 3, 0, 0, 0, 1, 0, 1, '2024-07-14', 234532, 961704, '55515ed10ee80a3f8e4d91610b84f2ad00ada647'),
(166, 1, 0, 0, 0, 0, 0, 0, '2024-07-15', 234532, 516448, '2dd78036e7111b184bc166363aa3eef8a51c4a52'),
(167, 5, 0, 0, 1, 1, 0, 1, '2024-07-15', 234532, 516448, 'f16f5a4c8000bab5c07fb93a4176d0b0239e5a67'),
(168, 3, 0, 0, 0, 1, 0, 1, '2024-07-15', 234532, 516448, '057aaa78f162f16764fe654408e4a99d417623d8'),
(169, 1, 0, 0, 0, 0, 0, 0, '2024-07-15', 234532, 558404, '75daa1dd856324b27b4c928e7605fe5a98bcd073'),
(170, 5, 0, 0, 1, 1, 0, 1, '2024-07-15', 234532, 558404, '6b5a1a01601d0b1f5d81e5a734bb700c9a45503f'),
(171, 3, 0, 0, 0, 1, 0, 1, '2024-07-15', 234532, 558404, '257209e2bb69c603069bba341c39c903b962b059'),
(172, 1, 0, 0, 0, 0, 0, 0, '2024-07-18', 234532, 499047, '6a8bdd066c6c87c7b72f95fae59f064daefa0b1e'),
(173, 5, 0, 0, 1, 1, 0, 1, '2024-07-18', 234532, 499047, 'a9106a2c0a5abede24d2881a28b23d18c76abaec'),
(174, 3, 0, 0, 0, 1, 0, 1, '2024-07-18', 234532, 499047, '5f87d8087e2954e2bb9f58724b7e6f0135340409'),
(175, 1, 0, 0, 0, 0, 0, 0, '2024-07-19', 234532, 270530, '7dc93ec41e532560e75f182f839a9329e10cc1d1'),
(176, 5, 0, 0, 1, 1, 0, 1, '2024-07-19', 234532, 270530, 'd649cd69f584f82db1a3e16179383d1a92f73e58'),
(177, 3, 0, 0, 0, 1, 0, 1, '2024-07-19', 234532, 270530, 'df3d788f3a7365962b25af78e1a5f8383adbf55a'),
(178, 1, 0, 0, 0, 0, 0, 0, '2024-07-19', 234532, 751991, '4091cdf8b421905f185f4e3606502e6164f24592'),
(179, 5, 0, 0, 1, 1, 0, 1, '2024-07-19', 234532, 751991, '2ac16554cae05658a7ad8af394386b8baf5fef9b'),
(180, 3, 0, 0, 0, 1, 0, 1, '2024-07-19', 234532, 751991, '0314049784a0f4a41cc93fd4ff891f308ebb3df4'),
(181, 1, 0, 0, 0, 0, 0, 0, '2024-07-23', 234532, 598200, '7097cdbc820ba47eb0819b97b77cadf6ad6b6d52'),
(182, 5, 0, 0, 1, 1, 0, 1, '2024-07-23', 234532, 598200, '422652b1fceaebc63b014b691dc0b7aaa83e26cd'),
(183, 3, 0, 0, 0, 1, 0, 1, '2024-07-23', 234532, 598200, 'e4a662c2412d559601916aaa778ac7feb811e145'),
(184, 1, 0, 0, 0, 0, 0, 0, '2024-07-31', 234532, 352648, '43f2a07e991245d9fbfc6a970e128e6343bb24d6'),
(185, 5, 0, 0, 1, 1, 0, 1, '2024-07-31', 234532, 352648, '1c72ba4d6aa5f7f98e4cc63eb5113bf2ae72b47c'),
(186, 3, 0, 0, 0, 1, 0, 1, '2024-07-31', 234532, 352648, '485673e7137419ce2d4246ff675cb921455ec20b');

-- --------------------------------------------------------

--
-- Table structure for table `role_tb`
--

CREATE TABLE `role_tb` (
  `ID` int NOT NULL,
  `ROLE` varchar(200) NOT NULL,
  `DATE_CREATED` timestamp NOT NULL DEFAULT CURRENT_TIMESTAMP ON UPDATE CURRENT_TIMESTAMP,
  `CCODE` int DEFAULT NULL,
  `HCODE` longtext
) ENGINE=MyISAM DEFAULT CHARSET=utf8mb3;

--
-- Dumping data for table `role_tb`
--

INSERT INTO `role_tb` (`ID`, `ROLE`, `DATE_CREATED`, `CCODE`, `HCODE`) VALUES
(1, 'Administrator', '2020-10-08 09:33:56', NULL, NULL),
(2, 'Loans officer', '2020-10-16 00:16:38', NULL, NULL),
(3, 'Teller', '2020-10-16 00:16:38', NULL, NULL),
(4, 'Clerk', '2020-10-16 00:16:38', NULL, NULL),
(5, 'Mobile banker', '2020-10-16 00:16:38', NULL, NULL),
(6, 'MOMO Agent', '2020-12-22 10:38:40', NULL, NULL);

-- --------------------------------------------------------

--
-- Table structure for table `sessions`
--

CREATE TABLE `sessions` (
  `id` varchar(255) COLLATE utf8mb4_unicode_ci NOT NULL,
  `user_id` bigint UNSIGNED DEFAULT NULL,
  `ip_address` varchar(45) COLLATE utf8mb4_unicode_ci DEFAULT NULL,
  `user_agent` text COLLATE utf8mb4_unicode_ci,
  `payload` longtext COLLATE utf8mb4_unicode_ci NOT NULL,
  `last_activity` int NOT NULL
) ENGINE=InnoDB DEFAULT CHARSET=utf8mb4 COLLATE=utf8mb4_unicode_ci;

--
-- Dumping data for table `sessions`
--

INSERT INTO `sessions` (`id`, `user_id`, `ip_address`, `user_agent`, `payload`, `last_activity`) VALUES
('24oO1GcGHgORovLqiBIiD64Z1fNo8nx3Z0zpBFvo', NULL, '121.200.5.243', 'Mozilla/5.0 (iPhone; CPU iPhone OS 17_2_1 like Mac OS X) AppleWebKit/605.1.15 (KHTML, like Gecko) Version/17.2 Mobile/15E148 Safari/604.1', 'YTozOntzOjY6Il90b2tlbiI7czo0MDoiREx4T3d4NE41dExxQVhJTUN4TnpsbjlPUklnSWpnR1ZUQ29haGEyUyI7czo5OiJfcHJldmlvdXMiO2E6MTp7czozOiJ1cmwiO3M6NDA6Imh0dHBzOi8vcm91dGVhcGkubGJvb2tmaW50ZWNoLmNvbS9wdWJsaWMiO31zOjY6Il9mbGFzaCI7YToyOntzOjM6Im9sZCI7YTowOnt9czozOiJuZXciO2E6MDp7fX19', 1722140265),
('2cq36l6pF7UO5EkSwsH5vJNQqN77lsJsmwCirPwY', NULL, '104.166.80.220', 'Mozilla/5.0 (X11; Linux i686; rv:109.0) Gecko/20100101 Firefox/120.0', 'YTozOntzOjY6Il90b2tlbiI7czo0MDoiTzFSYTdMeWpHMDNyaUJsdlhjWWNQTXRQdklEMmxQMWd5UHdtZlI1eiI7czo5OiJfcHJldmlvdXMiO2E6MTp7czozOiJ1cmwiO3M6NDA6Imh0dHBzOi8vcm91dGVhcGkubGJvb2tmaW50ZWNoLmNvbS9wdWJsaWMiO31zOjY6Il9mbGFzaCI7YToyOntzOjM6Im9sZCI7YTowOnt9czozOiJuZXciO2E6MDp7fX19', 1722126583),
('2QpbXNVG2yg2djajmbg6Zyvzmd1jJrcOCYdhjYKE', NULL, '116.206.228.187', 'Mozilla/5.0 (iPhone; CPU iPhone OS 17_5_1 like Mac OS X) AppleWebKit/605.1.15 (KHTML, like Gecko) Version/17.5 Mobile/15E148 Safari/604.1', 'YTozOntzOjY6Il90b2tlbiI7czo0MDoiMEhONUwxUmdNUHg5cnlIcVBNUmFMSFdmaGFZUERLY3ZlbUN5S2Z0WCI7czo5OiJfcHJldmlvdXMiO2E6MTp7czozOiJ1cmwiO3M6NDA6Imh0dHBzOi8vcm91dGVhcGkubGJvb2tmaW50ZWNoLmNvbS9wdWJsaWMiO31zOjY6Il9mbGFzaCI7YToyOntzOjM6Im9sZCI7YTowOnt9czozOiJuZXciO2E6MDp7fX19', 1722139840),
('2uhwQScQp3v2dejLJLThrvqIsOhcd9Q6gnE8d3xy', NULL, '54.167.112.252', 'Mozilla/5.0 (Windows NT 10.0; Win64; x64) AppleWebKit/537.36 (KHTML, like Gecko) Chrome/85.0.4183.102 Safari/537.36', 'YTozOntzOjY6Il90b2tlbiI7czo0MDoiQVZsVTYzQlRxRDJzR29zM05DSjMwVmdPcERUS3ZOcE42ckhlZ25xUyI7czo5OiJfcHJldmlvdXMiO2E6MTp7czozOiJ1cmwiO3M6NDA6Imh0dHBzOi8vcm91dGVhcGkubGJvb2tmaW50ZWNoLmNvbS9wdWJsaWMiO31zOjY6Il9mbGFzaCI7YToyOntzOjM6Im9sZCI7YTowOnt9czozOiJuZXciO2E6MDp7fX19', 1722138398),
('5IqfPESUKUQtC4a05ym5DOjk39ecsl0TVXRxaZyP', NULL, '104.166.80.252', 'Mozilla/5.0 (X11; Linux i686; rv:109.0) Gecko/20100101 Firefox/120.0', 'YTozOntzOjY6Il90b2tlbiI7czo0MDoiaG1oUkp6QVpRNko5Nno5YjJpaEVLM1RqUENlcE5oOWExakR0QXYydyI7czo5OiJfcHJldmlvdXMiO2E6MTp7czozOiJ1cmwiO3M6NDA6Imh0dHBzOi8vcm91dGVhcGkubGJvb2tmaW50ZWNoLmNvbS9wdWJsaWMiO31zOjY6Il9mbGFzaCI7YToyOntzOjM6Im9sZCI7YTowOnt9czozOiJuZXciO2E6MDp7fX19', 1722197726),
('730ewtoKfHcZ97VcBjaeMwLet09NFj8n43S5aX0V', NULL, '198.7.56.239', 'Mozilla/5.0 (Windows NT 10.0; Win64; x64) AppleWebKit/537.36 (KHTML, like Gecko) Chrome/121.0.0.0 Safari/537.36 Edg/121.0.0.0', 'YTozOntzOjY6Il90b2tlbiI7czo0MDoieXZyNEZzOTlNRXVPSTI2YTdlNU1IcnRFdnI2ZjR3ZFZCTlF5Y09KZSI7czo5OiJfcHJldmlvdXMiO2E6MTp7czozOiJ1cmwiO3M6NDA6Imh0dHBzOi8vcm91dGVhcGkubGJvb2tmaW50ZWNoLmNvbS9wdWJsaWMiO31zOjY6Il9mbGFzaCI7YToyOntzOjM6Im9sZCI7YTowOnt9czozOiJuZXciO2E6MDp7fX19', 1722139397),
('BFYkeVkz90mCLd2KQ3tXRXKbzKbxnAVc34JHlO3m', NULL, '104.166.80.47', 'Mozilla/5.0 (X11; Linux i686; rv:109.0) Gecko/20100101 Firefox/120.0', 'YTozOntzOjY6Il90b2tlbiI7czo0MDoiYWJlUW4wbUZRemxYVzQ1NWpVMzhhTmJtRFpsQzh5a0tFM0RmWjd1RiI7czo5OiJfcHJldmlvdXMiO2E6MTp7czozOiJ1cmwiO3M6NDA6Imh0dHBzOi8vcm91dGVhcGkubGJvb2tmaW50ZWNoLmNvbS9wdWJsaWMiO31zOjY6Il9mbGFzaCI7YToyOntzOjM6Im9sZCI7YTowOnt9czozOiJuZXciO2E6MDp7fX19', 1722545531),
('CbPGmot0gaP27ZN46yu2uZQIABDfrUahjqcsDoae', NULL, '121.200.5.243', 'Mozilla/5.0 (iPhone; CPU iPhone OS 17_2_1 like Mac OS X) AppleWebKit/605.1.15 (KHTML, like Gecko) Version/17.2 Mobile/15E148 Safari/604.1', 'YTozOntzOjY6Il90b2tlbiI7czo0MDoiODJ4Z1plRGppSUpHNUpmcUVtYmxhYmxyaEY1WTJ2Y0xLYXNsRTNkSiI7czo5OiJfcHJldmlvdXMiO2E6MTp7czozOiJ1cmwiO3M6NDA6Imh0dHBzOi8vcm91dGVhcGkubGJvb2tmaW50ZWNoLmNvbS9wdWJsaWMiO31zOjY6Il9mbGFzaCI7YToyOntzOjM6Im9sZCI7YTowOnt9czozOiJuZXciO2E6MDp7fX19', 1722139836),
('dWLO5APKjoAbykibAxWgCRXQGNTEjvpb0jvoP4L4', NULL, '104.166.80.220', 'Mozilla/5.0 (X11; Linux i686; rv:109.0) Gecko/20100101 Firefox/120.0', 'YTozOntzOjY6Il90b2tlbiI7czo0MDoiQ0k3b1hxcEt4YlZzRGZvS1htVVNVSHNGRjFlVHRsUnNmamFTMGpKYyI7czo5OiJfcHJldmlvdXMiO2E6MTp7czozOiJ1cmwiO3M6NDA6Imh0dHBzOi8vcm91dGVhcGkubGJvb2tmaW50ZWNoLmNvbS9wdWJsaWMiO31zOjY6Il9mbGFzaCI7YToyOntzOjM6Im9sZCI7YTowOnt9czozOiJuZXciO2E6MDp7fX19', 1722126582),
('ELTNRTsooUd9HxPbaJNO1mzcTM6WsTE279LyzFvU', NULL, '80.255.7.109', 'Mozilla/5.0 (X11; Linux x86_64) AppleWebKit/537.36 (KHTML, like Gecko) Chrome/126.0.0.0 Safari/537.36', 'YTozOntzOjY6Il90b2tlbiI7czo0MDoiSWN3RGJPQUpTWU9hY3g4NkFhWjk0TXB2MENRT2FvdWJOWVhueExPNCI7czo5OiJfcHJldmlvdXMiO2E6MTp7czozOiJ1cmwiO3M6NDA6Imh0dHBzOi8vcm91dGVhcGkubGJvb2tmaW50ZWNoLmNvbS9wdWJsaWMiO31zOjY6Il9mbGFzaCI7YToyOntzOjM6Im9sZCI7YTowOnt9czozOiJuZXciO2E6MDp7fX19', 1722131182),
('f7vGKuPzKIZmAhjXLF0xjC95wyhZ6Tk0F0C4Wi7W', NULL, '104.166.80.247', 'Mozilla/5.0 (X11; Linux i686; rv:109.0) Gecko/20100101 Firefox/120.0', 'YTozOntzOjY6Il90b2tlbiI7czo0MDoiRXlRbTBOd05KNUprUHNZWWRIRE1XRHVMZGxyMVpiMUJTODRzNWRxWSI7czo5OiJfcHJldmlvdXMiO2E6MTp7czozOiJ1cmwiO3M6NDA6Imh0dHBzOi8vcm91dGVhcGkubGJvb2tmaW50ZWNoLmNvbS9wdWJsaWMiO31zOjY6Il9mbGFzaCI7YToyOntzOjM6Im9sZCI7YTowOnt9czozOiJuZXciO2E6MDp7fX19', 1722372008),
('FBxQKso8mb8xAFeNFVP5oRhuvY0KuJW9gczlPNcG', NULL, '130.180.200.35', 'Mozilla/5.0 (Windows NT 10.0; Win64; x64) AppleWebKit/537.36 (KHTML, like Gecko) Chrome/84.0.4147.89 Safari/537.36', 'YTozOntzOjY6Il90b2tlbiI7czo0MDoid29oQXFvMlZpUnRxd254UDlYZWxFMUFIWXdhVDFOazlON3hkamdBMCI7czo5OiJfcHJldmlvdXMiO2E6MTp7czozOiJ1cmwiO3M6NDA6Imh0dHBzOi8vcm91dGVhcGkubGJvb2tmaW50ZWNoLmNvbS9wdWJsaWMiO31zOjY6Il9mbGFzaCI7YToyOntzOjM6Im9sZCI7YTowOnt9czozOiJuZXciO2E6MDp7fX19', 1722138427),
('FIaaX59Wb32Lw9XFhavXo8s7qdMgTcn6ENHbzAoi', NULL, '94.102.63.27', 'Mozilla/5.0 (Windows NT 6.1; WOW64) AppleWebKit/537.36 (KHTML, like Gecko) Chrome/45.0.2454.85 Safari/537.36', 'YTozOntzOjY6Il90b2tlbiI7czo0MDoiTVE2bGlsMXJ1c1lhSnFTRVVHM0RHZHBjSUYwUzVwdmdubzZSNTdvaCI7czo5OiJfcHJldmlvdXMiO2E6MTp7czozOiJ1cmwiO3M6NDA6Imh0dHBzOi8vcm91dGVhcGkubGJvb2tmaW50ZWNoLmNvbS9wdWJsaWMiO31zOjY6Il9mbGFzaCI7YToyOntzOjM6Im9sZCI7YTowOnt9czozOiJuZXciO2E6MDp7fX19', 1722138068),
('gUdqHn2YdKGh9lYincxkVFM6k1iIwvYjgNIIo3zJ', NULL, '104.166.80.230', 'Mozilla/5.0 (X11; Linux i686; rv:109.0) Gecko/20100101 Firefox/120.0', 'YTozOntzOjY6Il90b2tlbiI7czo0MDoiTTNxQlIzR1VFM0J3ckFYTnRwbFhaUnRJSWl0SEs0ZjY2RzFDSUpTWiI7czo5OiJfcHJldmlvdXMiO2E6MTp7czozOiJ1cmwiO3M6NDA6Imh0dHBzOi8vcm91dGVhcGkubGJvb2tmaW50ZWNoLmNvbS9wdWJsaWMiO31zOjY6Il9mbGFzaCI7YToyOntzOjM6Im9sZCI7YTowOnt9czozOiJuZXciO2E6MDp7fX19', 1722463661),
('hnyiq0abvK37cz7SYAyIxVEIqfQlA4cUG3BFsK9a', NULL, '89.248.171.23', 'Mozilla/5.0 (Windows NT 10.0; Win64; x64) AppleWebKit/537.36 (KHTML, like Gecko) Chrome/104.0.0.0 Safari/537.36', 'YTozOntzOjY6Il90b2tlbiI7czo0MDoicjJldVFpMUF0NDd1ZlR6Zzh1Q0x1cFdDM1VZemtrb1Q5bnVUaXhReiI7czo5OiJfcHJldmlvdXMiO2E6MTp7czozOiJ1cmwiO3M6NDA6Imh0dHBzOi8vcm91dGVhcGkubGJvb2tmaW50ZWNoLmNvbS9wdWJsaWMiO31zOjY6Il9mbGFzaCI7YToyOntzOjM6Im9sZCI7YTowOnt9czozOiJuZXciO2E6MDp7fX19', 1722138266),
('I5GghkpkfcZr1sUgrcHrARrv0oCx7bJvD2zFA3Sl', NULL, '23.108.51.21', 'Mozilla/5.0 (Windows NT 10.0; Win64; x64) AppleWebKit/537.36 (KHTML, like Gecko) Chrome/119.0.0.0 Safari/537.36 Edg/119.0.0.0', 'YTozOntzOjY6Il90b2tlbiI7czo0MDoiV3NuclpsZVBSNTd6QW9XQjVwWmFCQm5BRENLTUxxM3pnRjZFVVd4NSI7czo5OiJfcHJldmlvdXMiO2E6MTp7czozOiJ1cmwiO3M6NDA6Imh0dHBzOi8vcm91dGVhcGkubGJvb2tmaW50ZWNoLmNvbS9wdWJsaWMiO31zOjY6Il9mbGFzaCI7YToyOntzOjM6Im9sZCI7YTowOnt9czozOiJuZXciO2E6MDp7fX19', 1722138102),
('I6Q32dhMueJyWUptR39dfRqpj2SYzOUUbTSa3Q1b', NULL, '149.102.237.35', 'Mozilla/5.0 (iPhone; CPU iPhone OS 17_2_1 like Mac OS X) AppleWebKit/605.1.15 (KHTML, like Gecko) Version/17.2 Mobile/15E148 Safari/604.1', 'YTozOntzOjY6Il90b2tlbiI7czo0MDoibktZc1lydXFyRWZMekNQODdnVFNzN2RialpKa2pqRFpKSVBrQk9ycSI7czo5OiJfcHJldmlvdXMiO2E6MTp7czozOiJ1cmwiO3M6NDA6Imh0dHBzOi8vcm91dGVhcGkubGJvb2tmaW50ZWNoLmNvbS9wdWJsaWMiO31zOjY6Il9mbGFzaCI7YToyOntzOjM6Im9sZCI7YTowOnt9czozOiJuZXciO2E6MDp7fX19', 1722138140),
('ibVTYEb0ellOTHu6fJoa4dk7JANrcemVkQwgzzC7', NULL, '104.166.80.47', 'Mozilla/5.0 (X11; Linux i686; rv:109.0) Gecko/20100101 Firefox/120.0', 'YTozOntzOjY6Il90b2tlbiI7czo0MDoiTmFUNDNSQ3JpeVE1RGxjN205aEN6QkFTa0xZVlRWM1Z4blJUQ2NZQSI7czo5OiJfcHJldmlvdXMiO2E6MTp7czozOiJ1cmwiO3M6NDA6Imh0dHBzOi8vcm91dGVhcGkubGJvb2tmaW50ZWNoLmNvbS9wdWJsaWMiO31zOjY6Il9mbGFzaCI7YToyOntzOjM6Im9sZCI7YTowOnt9czozOiJuZXciO2E6MDp7fX19', 1722372224),
('INvAtjC7tnAm8sHEajJAuC4oj7Ci1UgjCZwLQ8Zs', NULL, '104.166.80.124', 'Mozilla/5.0 (X11; Linux i686; rv:109.0) Gecko/20100101 Firefox/120.0', 'YTozOntzOjY6Il90b2tlbiI7czo0MDoiQWVob3RmTDFwZGxmWlJUNWw1OUlkUGg2ajRlYzhnelIxckNyMUZESSI7czo5OiJfcHJldmlvdXMiO2E6MTp7czozOiJ1cmwiO3M6NDA6Imh0dHBzOi8vcm91dGVhcGkubGJvb2tmaW50ZWNoLmNvbS9wdWJsaWMiO31zOjY6Il9mbGFzaCI7YToyOntzOjM6Im9sZCI7YTowOnt9czozOiJuZXciO2E6MDp7fX19', 1722545421),
('jCKXeICtHtbREKMsECFVVP7HsGVPo3A9UtVdOHgV', NULL, '54.79.118.38', 'Mozilla/5.0 (X11; Linux x86_64) AppleWebKit/537.36 (KHTML, like Gecko) HeadlessChrome/109.0.5414.46 Safari/537.36', 'YTozOntzOjY6Il90b2tlbiI7czo0MDoieWF6aEc4Rzl2U09GblZ3VzE5QUVmbUViand2V0UwM1E3d1NoeU1GRSI7czo5OiJfcHJldmlvdXMiO2E6MTp7czozOiJ1cmwiO3M6NDA6Imh0dHBzOi8vcm91dGVhcGkubGJvb2tmaW50ZWNoLmNvbS9wdWJsaWMiO31zOjY6Il9mbGFzaCI7YToyOntzOjM6Im9sZCI7YTowOnt9czozOiJuZXciO2E6MDp7fX19', 1722140136),
('kDmX3lxnJtKPv5aSJvtchPDc4Axk14YllLZeNsdw', NULL, '203.57.50.250', 'Mozilla/5.0 (Linux; Android 10; K) AppleWebKit/537.36 (KHTML, like Gecko) Chrome/120.0.0.0 Mobile Safari/537.36', 'YTozOntzOjY6Il90b2tlbiI7czo0MDoiM1ZadUFIMDlaM3F0anl4SDFic242MkMzd2Vja2FzanhJVm44QUFXNCI7czo5OiJfcHJldmlvdXMiO2E6MTp7czozOiJ1cmwiO3M6NDA6Imh0dHBzOi8vcm91dGVhcGkubGJvb2tmaW50ZWNoLmNvbS9wdWJsaWMiO31zOjY6Il9mbGFzaCI7YToyOntzOjM6Im9sZCI7YTowOnt9czozOiJuZXciO2E6MDp7fX19', 1722140230),
('kFGNU6efFXiQUPe4KFS7LP3ny7lDo1WzwXORPQHx', NULL, '203.57.50.250', 'Mozilla/5.0 (Linux; Android 10; K) AppleWebKit/537.36 (KHTML, like Gecko) Chrome/120.0.0.0 Mobile Safari/537.36', 'YTozOntzOjY6Il90b2tlbiI7czo0MDoiNXRVb3REb1k0Q3RVV29aODBPUjRNc1A5NzkydFFiT0hhREFWZXloZSI7czo5OiJfcHJldmlvdXMiO2E6MTp7czozOiJ1cmwiO3M6NDA6Imh0dHBzOi8vcm91dGVhcGkubGJvb2tmaW50ZWNoLmNvbS9wdWJsaWMiO31zOjY6Il9mbGFzaCI7YToyOntzOjM6Im9sZCI7YTowOnt9czozOiJuZXciO2E6MDp7fX19', 1722139834),
('me6J9B5AOQEUSCHZzpKGtNzwAOiBmjhd66Z2NvCw', NULL, '121.200.5.243', 'Mozilla/5.0 (Macintosh; Intel Mac OS X 10_15_7) AppleWebKit/537.36 (KHTML, like Gecko) Chrome/120.0.0.0 Safari/537.36', 'YTozOntzOjY6Il90b2tlbiI7czo0MDoiaWkyUE1EWXNHQ201QTlKajhRZldVR3ZmWGlCQXN0anY0eVo5WVpsMSI7czo5OiJfcHJldmlvdXMiO2E6MTp7czozOiJ1cmwiO3M6NDA6Imh0dHBzOi8vcm91dGVhcGkubGJvb2tmaW50ZWNoLmNvbS9wdWJsaWMiO31zOjY6Il9mbGFzaCI7YToyOntzOjM6Im9sZCI7YTowOnt9czozOiJuZXciO2E6MDp7fX19', 1722140953),
('ntY0IHoFbiMkdJKdzruVHapyq8w4htIIb9UuGpsH', NULL, '104.166.80.34', 'Mozilla/5.0 (X11; Linux i686; rv:109.0) Gecko/20100101 Firefox/120.0', 'YTozOntzOjY6Il90b2tlbiI7czo0MDoieHJVZTlRRDNtWTBNUUpWYk4zSXRyRWc5TDgzeDd6c3BMU01US25tdSI7czo5OiJfcHJldmlvdXMiO2E6MTp7czozOiJ1cmwiO3M6NDA6Imh0dHBzOi8vcm91dGVhcGkubGJvb2tmaW50ZWNoLmNvbS9wdWJsaWMiO31zOjY6Il9mbGFzaCI7YToyOntzOjM6Im9sZCI7YTowOnt9czozOiJuZXciO2E6MDp7fX19', 1722460647),
('nvvDN9wTss8Ik24s6YvpdtBvWxWXKLJQyE34KxUI', NULL, '104.166.80.205', 'Mozilla/5.0 (X11; Linux i686; rv:109.0) Gecko/20100101 Firefox/120.0', 'YTozOntzOjY6Il90b2tlbiI7czo0MDoiNlFLTmNUSnZxclBtU3FUaWVaUGZKekVkOUFrMXNJYlR0eVdBSkFBNiI7czo5OiJfcHJldmlvdXMiO2E6MTp7czozOiJ1cmwiO3M6NDA6Imh0dHBzOi8vcm91dGVhcGkubGJvb2tmaW50ZWNoLmNvbS9wdWJsaWMiO31zOjY6Il9mbGFzaCI7YToyOntzOjM6Im9sZCI7YTowOnt9czozOiJuZXciO2E6MDp7fX19', 1722286475),
('POWn2bHAdW5VNzJ9BgDf9hHOKuNKWeOhVnlvwBYM', NULL, '172.241.250.178', 'Mozilla/5.0 (iPhone; CPU iPhone OS 17_3_1 like Mac OS X) AppleWebKit/605.1.15 (KHTML, like Gecko) Version/17.3.1 Mobile/15E148 Safari/604.1', 'YTozOntzOjY6Il90b2tlbiI7czo0MDoiWndCeEF2aDhaRlFIUTIxYVY1MHhyemFLR21NbnU3djFUQ09MSUxUVCI7czo5OiJfcHJldmlvdXMiO2E6MTp7czozOiJ1cmwiO3M6NDA6Imh0dHBzOi8vcm91dGVhcGkubGJvb2tmaW50ZWNoLmNvbS9wdWJsaWMiO31zOjY6Il9mbGFzaCI7YToyOntzOjM6Im9sZCI7YTowOnt9czozOiJuZXciO2E6MDp7fX19', 1722139399),
('qh9z0WxlkhaAOCt7LwcMQhtPA2z3YIengIVUvPlH', NULL, '37.120.213.173', 'Mozilla/5.0 (Linux; Android 10; K) AppleWebKit/537.36 (KHTML, like Gecko) Chrome/120.0.0.0 Mobile Safari/537.36', 'YTozOntzOjY6Il90b2tlbiI7czo0MDoiMGszTEs0TnU5SVphSlgzd2hUdWM1cW4yenY4OEFwMUluMHh6eFNDTSI7czo5OiJfcHJldmlvdXMiO2E6MTp7czozOiJ1cmwiO3M6NDA6Imh0dHBzOi8vcm91dGVhcGkubGJvb2tmaW50ZWNoLmNvbS9wdWJsaWMiO31zOjY6Il9mbGFzaCI7YToyOntzOjM6Im9sZCI7YTowOnt9czozOiJuZXciO2E6MDp7fX19', 1722139397),
('R0hNtCLJV64yxskJxZLYwGCJBauMwilr3Ob4E5xd', NULL, '197.242.156.56', 'Mozilla/5.0 (Windows NT 10.0; Win64; x64) AppleWebKit/537.36 (KHTML, like Gecko) Chrome/119.0.0.0 Safari/537.36 Edg/119.0.0.0', 'YTozOntzOjY6Il90b2tlbiI7czo0MDoiMjUxUE5wTVhONjB3eFpXdTNQWU00OE9XVmE1eTRQeHdzdUdZNU1lcyI7czo5OiJfcHJldmlvdXMiO2E6MTp7czozOiJ1cmwiO3M6NDA6Imh0dHBzOi8vcm91dGVhcGkubGJvb2tmaW50ZWNoLmNvbS9wdWJsaWMiO31zOjY6Il9mbGFzaCI7YToyOntzOjM6Im9sZCI7YTowOnt9czozOiJuZXciO2E6MDp7fX19', 1722139400),
('rIIWPEdgXNsbaSMrAqHjdnotDsbxSY2SaaHPXhnz', NULL, '94.102.63.27', 'Mozilla/5.0 (Windows NT 6.1; WOW64) AppleWebKit/537.36 (KHTML, like Gecko) Chrome/45.0.2454.85 Safari/537.36', 'YTozOntzOjY6Il90b2tlbiI7czo0MDoiM0FwZ3JTNHJHemRtS0U1UFlsejRTZmFzQ2QyMGlxWWZzQnlxOGc2TCI7czo5OiJfcHJldmlvdXMiO2E6MTp7czozOiJ1cmwiO3M6NDA6Imh0dHBzOi8vcm91dGVhcGkubGJvb2tmaW50ZWNoLmNvbS9wdWJsaWMiO31zOjY6Il9mbGFzaCI7YToyOntzOjM6Im9sZCI7YTowOnt9czozOiJuZXciO2E6MDp7fX19', 1722138061),
('RLkGBYJQpeVsaxSlTe2O8oBwGsVow9VRxzxeB1Hy', NULL, '104.166.80.47', 'Mozilla/5.0 (X11; Linux i686; rv:109.0) Gecko/20100101 Firefox/120.0', 'YTozOntzOjY6Il90b2tlbiI7czo0MDoiNlpBaXBHQmxoU1czMkZabjZQS0ZSazJ4MjNQQXRUeUlVcFBCNFNZeCI7czo5OiJfcHJldmlvdXMiO2E6MTp7czozOiJ1cmwiO3M6NDA6Imh0dHBzOi8vcm91dGVhcGkubGJvb2tmaW50ZWNoLmNvbS9wdWJsaWMiO31zOjY6Il9mbGFzaCI7YToyOntzOjM6Im9sZCI7YTowOnt9czozOiJuZXciO2E6MDp7fX19', 1722286376),
('rqYxTtsxK9YHRd8hwlbp2Tphijm2hNcWIks2XEhG', NULL, '149.102.237.35', 'Mozilla/5.0 (iPhone; CPU iPhone OS 17_2_1 like Mac OS X) AppleWebKit/605.1.15 (KHTML, like Gecko) Version/17.2 Mobile/15E148 Safari/604.1', 'YTozOntzOjY6Il90b2tlbiI7czo0MDoiODI0Z3h0aTM5a3ZtWERsckhBbXdBd3pLckYzdk5qQTRtVjBBN2NVSCI7czo5OiJfcHJldmlvdXMiO2E6MTp7czozOiJ1cmwiO3M6NDA6Imh0dHBzOi8vcm91dGVhcGkubGJvb2tmaW50ZWNoLmNvbS9wdWJsaWMiO31zOjY6Il9mbGFzaCI7YToyOntzOjM6Im9sZCI7YTowOnt9czozOiJuZXciO2E6MDp7fX19', 1722138102),
('sexTCX6XtGrXst3SBbewP2LtmEmLVqwTuKg1zuuP', NULL, '149.102.237.35', 'Mozilla/5.0 (Macintosh; Intel Mac OS X 10_15_7) AppleWebKit/537.36 (KHTML, like Gecko) Chrome/120.0.0.0 Safari/537.36', 'YTozOntzOjY6Il90b2tlbiI7czo0MDoicVZMWXpTZHlZb1poSFdXNVB4alRLOHE0eGZpNFpCWjhkY3J2bWhCaSI7czo5OiJfcHJldmlvdXMiO2E6MTp7czozOiJ1cmwiO3M6NDA6Imh0dHBzOi8vcm91dGVhcGkubGJvb2tmaW50ZWNoLmNvbS9wdWJsaWMiO31zOjY6Il9mbGFzaCI7YToyOntzOjM6Im9sZCI7YTowOnt9czozOiJuZXciO2E6MDp7fX19', 1722138163),
('sZv2OTOMiDm55LhYlsQi1lwD68GUbDWK7bxGuQeI', NULL, '198.23.148.146', 'Mozilla/5.0 (Windows NT 10.0; Win64; x64) AppleWebKit/537.36 (KHTML, like Gecko) Chrome/86.0.4240.111 Safari/537.36', 'YTozOntzOjY6Il90b2tlbiI7czo0MDoiYUQ1SlRlNDZCaVNIOUttd2NId1JBN09JVDZ4RzBxUWtuMVFTQW81RCI7czo5OiJfcHJldmlvdXMiO2E6MTp7czozOiJ1cmwiO3M6NDA6Imh0dHBzOi8vcm91dGVhcGkubGJvb2tmaW50ZWNoLmNvbS9wdWJsaWMiO31zOjY6Il9mbGFzaCI7YToyOntzOjM6Im9sZCI7YTowOnt9czozOiJuZXciO2E6MDp7fX19', 1722138055),
('T4L7U3xwWg7VVz1yoO2yVdgEeguRXvZwN1kjqPoo', NULL, '104.166.80.19', 'Mozilla/5.0 (Macintosh; Intel Mac OS X 14.1; rv:109.0) Gecko/20100101 Firefox/120.0', 'YTozOntzOjY6Il90b2tlbiI7czo0MDoidzBheTlRWUF6ek0xVkliVjdnOVFlbU14TDhRaHA0UTNNRDBhMTh3NSI7czo5OiJfcHJldmlvdXMiO2E6MTp7czozOiJ1cmwiO3M6NDA6Imh0dHBzOi8vcm91dGVhcGkubGJvb2tmaW50ZWNoLmNvbS9wdWJsaWMiO31zOjY6Il9mbGFzaCI7YToyOntzOjM6Im9sZCI7YTowOnt9czozOiJuZXciO2E6MDp7fX19', 1722124689),
('tKn8Qd5CMQNQ5EBD9uWbnm8G7UWaiSyjtr6e4OUr', NULL, '106.161.65.206', 'Mozilla/5.0 (iPhone; CPU iPhone OS 17_4_1 like Mac OS X) AppleWebKit/605.1.15 (KHTML, like Gecko) Version/17.4.1 Mobile/15E148 Safari/604.1', 'YTozOntzOjY6Il90b2tlbiI7czo0MDoiMmxnU2M0T25pUXdwNVA2azdFaTBHc2J4WUtEamhEcEkxMGREcVRUZyI7czo5OiJfcHJldmlvdXMiO2E6MTp7czozOiJ1cmwiO3M6NDA6Imh0dHBzOi8vcm91dGVhcGkubGJvb2tmaW50ZWNoLmNvbS9wdWJsaWMiO31zOjY6Il9mbGFzaCI7YToyOntzOjM6Im9sZCI7YTowOnt9czozOiJuZXciO2E6MDp7fX19', 1722139834),
('u1jzNFSlXUYpS7GWrsJbXLrY0d7s0LgxvbwmB7YM', NULL, '137.184.141.45', 'Mozilla/5.0 (Windows NT 10.0; Win64; x64) AppleWebKit/537.36 (KHTML, like Gecko) Chrome/126.0.0.0 Safari/537.36', 'YTozOntzOjY6Il90b2tlbiI7czo0MDoibjFobUtya3RiTkZUajYzbzhBTjY1V2RNdlk1RzB6ZG1sNWxsbTZucSI7czo5OiJfcHJldmlvdXMiO2E6MTp7czozOiJ1cmwiO3M6NDA6Imh0dHBzOi8vcm91dGVhcGkubGJvb2tmaW50ZWNoLmNvbS9wdWJsaWMiO31zOjY6Il9mbGFzaCI7YToyOntzOjM6Im9sZCI7YTowOnt9czozOiJuZXciO2E6MDp7fX19', 1722397509),
('uqc604E9GqCuBlY5uHJ9Kq7gcRIVfOlfWh2q3D9w', NULL, '104.166.80.19', 'Mozilla/5.0 (Macintosh; Intel Mac OS X 14.1; rv:109.0) Gecko/20100101 Firefox/120.0', 'YTozOntzOjY6Il90b2tlbiI7czo0MDoiNUNYVkU1UG1PcU1MTTA2UUtvMzRVeU5aald6YmlKZlR3S2NlUGJ3ZSI7czo5OiJfcHJldmlvdXMiO2E6MTp7czozOiJ1cmwiO3M6NDA6Imh0dHBzOi8vcm91dGVhcGkubGJvb2tmaW50ZWNoLmNvbS9wdWJsaWMiO31zOjY6Il9mbGFzaCI7YToyOntzOjM6Im9sZCI7YTowOnt9czozOiJuZXciO2E6MDp7fX19', 1722124688),
('USP4qfWHIL9pqgnnyrwEe9SxWTonLnlliBIG7efi', NULL, '179.61.240.45', 'Mozilla/5.0 (iPhone; CPU iPhone OS 17_4_1 like Mac OS X) AppleWebKit/605.1.15 (KHTML, like Gecko) Version/17.4.1 Mobile/15E148 Safari/604.1', 'YTozOntzOjY6Il90b2tlbiI7czo0MDoiZ1ZzNEJac2ZaZ0tMaUxlc3NLbUVhenV0UGtDTzF5ak8wcmFQTkdSdSI7czo5OiJfcHJldmlvdXMiO2E6MTp7czozOiJ1cmwiO3M6NDA6Imh0dHBzOi8vcm91dGVhcGkubGJvb2tmaW50ZWNoLmNvbS9wdWJsaWMiO31zOjY6Il9mbGFzaCI7YToyOntzOjM6Im9sZCI7YTowOnt9czozOiJuZXciO2E6MDp7fX19', 1722139834),
('VaHzvVce6k8NlbM130yHopY8b3nzKrbcpUKQfXGh', NULL, '203.57.50.250', 'Mozilla/5.0 (Macintosh; Intel Mac OS X 10_15_7) AppleWebKit/537.36 (KHTML, like Gecko) Chrome/120.0.0.0 Safari/537.36', 'YTozOntzOjY6Il90b2tlbiI7czo0MDoiTDVRN1I5SGtpb1pGckpZRGFUMmJjYWEya2R3RkVNcnJWY2s4cU5SRiI7czo5OiJfcHJldmlvdXMiO2E6MTp7czozOiJ1cmwiO3M6NDA6Imh0dHBzOi8vcm91dGVhcGkubGJvb2tmaW50ZWNoLmNvbS9wdWJsaWMiO31zOjY6Il9mbGFzaCI7YToyOntzOjM6Im9sZCI7YTowOnt9czozOiJuZXciO2E6MDp7fX19', 1722140860),
('vixcWTLwWcg8GrrTwwlW3cwkkpwi9avINg90Y8cE', NULL, '104.166.80.143', 'Mozilla/5.0 (X11; Linux i686; rv:109.0) Gecko/20100101 Firefox/120.0', 'YTozOntzOjY6Il90b2tlbiI7czo0MDoiTUkyaGtIbFh5a2xCQVZnN0NyWjExdUhTeU9jblliOEJqOEVhZTJpdSI7czo5OiJfcHJldmlvdXMiO2E6MTp7czozOiJ1cmwiO3M6NDA6Imh0dHBzOi8vcm91dGVhcGkubGJvb2tmaW50ZWNoLmNvbS9wdWJsaWMiO31zOjY6Il9mbGFzaCI7YToyOntzOjM6Im9sZCI7YTowOnt9czozOiJuZXciO2E6MDp7fX19', 1722197670),
('w57pe97TFC2gPLZmro2h0TxjrZsxGcakw9dA2Ik8', NULL, '142.11.219.102', 'Mozilla/5.0 (Windows NT 10.0; Win64; x64) AppleWebKit/537.36 (KHTML, like Gecko) Chrome/42.0.2311.135 Safari/537.36 Edge/12.246', 'YTozOntzOjY6Il90b2tlbiI7czo0MDoiWTZaSzVKZWNQVjB3bEh6c0N2Wm9DUHU3cnpGdWtvclU3YU9xOTNPTCI7czo5OiJfcHJldmlvdXMiO2E6MTp7czozOiJ1cmwiO3M6NDA6Imh0dHBzOi8vcm91dGVhcGkubGJvb2tmaW50ZWNoLmNvbS9wdWJsaWMiO31zOjY6Il9mbGFzaCI7YToyOntzOjM6Im9sZCI7YTowOnt9czozOiJuZXciO2E6MDp7fX19', 1722139767),
('ws4GasOi1eKUqcOcdZWFq96154xHey6PiIpFLqxW', NULL, '146.70.155.13', 'Mozilla/5.0 (X11; Linux x86_64) AppleWebKit/537.36 (KHTML, like Gecko) HeadlessChrome/109.0.5414.46 Safari/537.36', 'YTozOntzOjY6Il90b2tlbiI7czo0MDoiNkNJa0c0bWg0amkxczkzTk5kYTcwajJNdzVhaU5VYTYyZG9aMWZ5OSI7czo5OiJfcHJldmlvdXMiO2E6MTp7czozOiJ1cmwiO3M6NDA6Imh0dHBzOi8vcm91dGVhcGkubGJvb2tmaW50ZWNoLmNvbS9wdWJsaWMiO31zOjY6Il9mbGFzaCI7YToyOntzOjM6Im9sZCI7YTowOnt9czozOiJuZXciO2E6MDp7fX19', 1722140027),
('WYbwJz1OQ8J4KmjP4ZP5S847GiUkmDs91f7qhesN', NULL, '149.88.16.235', 'Mozilla/5.0 (X11; Linux x86_64) AppleWebKit/537.36 (KHTML, like Gecko) Chrome/126.0.0.0 Safari/537.36', 'YTozOntzOjY6Il90b2tlbiI7czo0MDoiUFRqRmdvY0RiYWhyS1RlS1k5ejZKeE4wZnYwY1hiMzVTMnZzbkk2UiI7czo5OiJfcHJldmlvdXMiO2E6MTp7czozOiJ1cmwiO3M6NDA6Imh0dHBzOi8vcm91dGVhcGkubGJvb2tmaW50ZWNoLmNvbS9wdWJsaWMiO31zOjY6Il9mbGFzaCI7YToyOntzOjM6Im9sZCI7YTowOnt9czozOiJuZXciO2E6MDp7fX19', 1722137947),
('X97EXlq8KgkKes4qGrfnckEIfCLLFVKyLkoLKg5s', NULL, '212.102.36.171', 'Mozilla/5.0 (Windows NT 10.0; Win64; x64) AppleWebKit/537.36 (KHTML, like Gecko) Chrome/126.0.0.0 Safari/537.36 Edg/126.0.0.0', 'YTozOntzOjY6Il90b2tlbiI7czo0MDoidFBndlBZc3VXUWRkSlozblh2RHpienRaTmx5UnREekJkcGJtYlIxdiI7czo5OiJfcHJldmlvdXMiO2E6MTp7czozOiJ1cmwiO3M6NDA6Imh0dHBzOi8vcm91dGVhcGkubGJvb2tmaW50ZWNoLmNvbS9wdWJsaWMiO31zOjY6Il9mbGFzaCI7YToyOntzOjM6Im9sZCI7YTowOnt9czozOiJuZXciO2E6MDp7fX19', 1722138102),
('z1soLNNaEX3D808rzDsFTZBP4IDAxzf7ddvfo2UG', NULL, '203.57.115.146', 'Mozilla/5.0 (Windows NT 10.0; Win64; x64) AppleWebKit/537.36 (KHTML, like Gecko) Chrome/126.0.0.0 Safari/537.36 Edg/126.0.0.0', 'YTozOntzOjY6Il90b2tlbiI7czo0MDoiV2RpeHZxR29HZ3RNNHFheE55N3hUWUJFRzJ5cVE5bDBXcFlJbWxIOCI7czo5OiJfcHJldmlvdXMiO2E6MTp7czozOiJ1cmwiO3M6NDA6Imh0dHBzOi8vcm91dGVhcGkubGJvb2tmaW50ZWNoLmNvbS9wdWJsaWMiO31zOjY6Il9mbGFzaCI7YToyOntzOjM6Im9sZCI7YTowOnt9czozOiJuZXciO2E6MDp7fX19', 1722139839),
('Z7UbioGuBvqxvT6CI06G3w1Ut2FLQRT3GqkPHdkw', NULL, '106.161.65.206', 'Mozilla/5.0 (iPhone; CPU iPhone OS 17_2_1 like Mac OS X) AppleWebKit/605.1.15 (KHTML, like Gecko) Version/17.2 Mobile/15E148 Safari/604.1', 'YTozOntzOjY6Il90b2tlbiI7czo0MDoiZlRjZGJuWUZnQVpNNDJ5c1piVUQyY3RISzhRNm1jM0NOOW1WcWF0ViI7czo5OiJfcHJldmlvdXMiO2E6MTp7czozOiJ1cmwiO3M6NDA6Imh0dHBzOi8vcm91dGVhcGkubGJvb2tmaW50ZWNoLmNvbS9wdWJsaWMiO31zOjY6Il9mbGFzaCI7YToyOntzOjM6Im9sZCI7YTowOnt9czozOiJuZXciO2E6MDp7fX19', 1722139833);

-- --------------------------------------------------------

--
-- Table structure for table `sms_settings`
--

CREATE TABLE `sms_settings` (
  `APIKEY` varchar(255) DEFAULT NULL,
  `SID` varchar(50) DEFAULT NULL,
  `WELCOME_SMS` int NOT NULL COMMENT '0:Active 1: Inactive',
  `DEPOSIT_SMS` int NOT NULL COMMENT '0:Active 1: Inactive',
  `WITHDRAWAL_SMS` int NOT NULL COMMENT '0:Active 1: Inactive',
  `TRANSFER_SMS` int NOT NULL COMMENT '0:Active 1: Inactive',
  `WELCOME_MESS` longtext,
  `DEPOSIT_MESS` longtext,
  `WITHDRAWAL_MESS` longtext,
  `TRANSFER_MESS` longtext,
  `DATE_MODIFIED` varchar(50) DEFAULT NULL,
  `POSTED_BY` int NOT NULL,
  `CCODE` int NOT NULL,
  `HCODE` longtext NOT NULL
) ENGINE=InnoDB DEFAULT CHARSET=utf8mb3;

--
-- Dumping data for table `sms_settings`
--

INSERT INTO `sms_settings` (`APIKEY`, `SID`, `WELCOME_SMS`, `DEPOSIT_SMS`, `WITHDRAWAL_SMS`, `TRANSFER_SMS`, `WELCOME_MESS`, `DEPOSIT_MESS`, `WITHDRAWAL_MESS`, `TRANSFER_MESS`, `DATE_MODIFIED`, `POSTED_BY`, `CCODE`, `HCODE`) VALUES
('xxxxxxxxxxxx', 'xxxxxxxx', 1, 1, 1, 1, 'Thank you for subscribing to {company} notification service. Thank you', 'An amount of GHS {amount}.00 has been deposited into your account by {company}. Your new balance is GHS {newbalance}.00. Thank you', NULL, 'An amount of GHS {amount}.00 has been transferred from your account to account number {account_number} by {company}. Your new balance is GHS {newbalance}.00. Thank you', '2022-06-30', 333343, 364834, 'c6073e9854d484676697a288416ec798a9c4263f'),
('xxxxxxxxxxxx', 'xxxxxxxx', 1, 1, 1, 1, 'Thank you for subscribing to {company} notification service. Thank you', 'An amount of GHS {amount}.00 has been deposited into your account by {company}. Your new balance is GHS {newbalance}.00. Thank you', NULL, 'An amount of GHS {amount}.00 has been transferred from your account to account number {account_number} by {company}. Your new balance is GHS {newbalance}.00. Thank you', '2022-07-01', 333343, 104565, '0e2da937a54db7f72afd01dcc60dcbffbc66147f'),
('xxxxxxxxxxxx', 'xxxxxxxx', 1, 1, 1, 1, 'Thank you for subscribing to {company} notification service. Thank you', 'An amount of GHS {amount}.00 has been deposited into your account by {company}. Your new balance is GHS {newbalance}.00. Thank you', NULL, 'An amount of GHS {amount}.00 has been transferred from your account to account number {account_number} by {company}. Your new balance is GHS {newbalance}.00. Thank you', '2022-07-01', 333343, 604996, '918e216a350cb15f77f48ed7f13d2e9f048d37e1'),
('xxxxxxxxxxxx', 'xxxxxxxx', 1, 1, 1, 1, 'Thank you for subscribing to {company} notification service. Thank you', 'An amount of GHS {amount}.00 has been deposited into your account by {company}. Your new balance is GHS {newbalance}.00. Thank you', NULL, 'An amount of GHS {amount}.00 has been transferred from your account to account number {account_number} by {company}. Your new balance is GHS {newbalance}.00. Thank you', '2022-07-01', 333343, 616561, '192dff6fc6d575de647492d9e724354455906eba'),
('xxxxxxxxxxxx', 'xxxxxxxx', 1, 1, 1, 1, 'Thank you for subscribing to {company} notification service. Thank you', 'An amount of GHS {amount}.00 has been deposited into your account by {company}. Your new balance is GHS {newbalance}.00. Thank you', NULL, 'An amount of GHS {amount}.00 has been transferred from your account to account number {account_number} by {company}. Your new balance is GHS {newbalance}.00. Thank you', '2022-07-01', 333343, 897326, '1b70958737bf95f4437e97633d8c5e72781469d5'),
('e2ffc99ccdac1df5', 'LINKSENG', 1, 0, 1, 1, 'Thank you for subscribing to {company} notification service. Thank you', 'An amount of GHS {amount}.00 has been deposited into your account by {company}. Your new balance is GHS {newbalance}.00. Thank you', '', 'An amount of GHS {amount}.00 has been transferred from your account to account number {account_number} by {company}. Your new balance is GHS {newbalance}.00. Thank you', '2022-07-12 10:08:52pm', 508199, 822796, 'c841798b58d07dcc0728d5b1b8de78d9832797f6'),
('xxxxxxxxxxxx', 'xxxxxxxx', 1, 1, 1, 1, 'Thank you for subscribing to {company} notification service. Thank you', 'An amount of GHS {amount}.00 has been deposited into your account by {company}. Your new balance is GHS {newbalance}.00. Thank you', NULL, 'An amount of GHS {amount}.00 has been transferred from your account to account number {account_number} by {company}. Your new balance is GHS {newbalance}.00. Thank you', '2022-07-03', 333343, 519574, '3b54d4f831574840b0619284192ab0ff4e12698f'),
('public key', 'lcorp4u4us', 0, 0, 0, 0, 'Thank you for subscribing to {company} notification service. Thank you', 'An amount of GHS {amount}.00 has been deposited into your account by {company}. Your new balance is GHS newbalance.00. Thank you.', 'An amount of amount has been deposited into your account by account_ number. \r\ndate_created', 'An amount of GHS {amount}.00 has been transferred from your account to account number {account_number} by {company}. Your new balance is GHS {newbalance}.00. Thank you', '2022-07-11 09:53:43pm', 241799, 603634, 'ad0c821b1248bfede7359954257b89fdef046687'),
('8fbf43b01a7d65a5', 'UNIXFIN', 0, 0, 0, 1, 'Thank you for subscribing to UNIX GRAFX notification service. Thank you', 'An amount of GHS {amount}.00 has been deposited into your account by UNIX GRAFX. Your new balance is GHS {newbalance}.00. Thank you', 'An amount of GHS {amount}.00 has been withdrawn from your account by UNIX GRAFX. Your new balance is GHS {new balance}.00\r\nThank you.', 'An amount of GHS {amount}.00 has been transferred from your account to account number {account_number} by {company}. Your new balance is GHS {newbalance}.00. Thank you', '2022-07-11 10:43:59pm', 586652, 251115, '961c4e1664e40b0e91fef2d005a07b668448bc1c'),
('xxxxxxxxxxxx', 'xxxxxxxx', 1, 1, 1, 1, 'Thank you for subscribing to {company} notification service. Thank you', 'An amount of GHS {amount}.00 has been deposited into your account by {company}. Your new balance is GHS {newbalance}.00. Thank you', NULL, 'An amount of GHS {amount}.00 has been transferred from your account to account number {account_number} by {company}. Your new balance is GHS {newbalance}.00. Thank you', '2022-07-11', 333343, 381877, 'c92b493702814e462df91197f53fc199a344f393'),
('xxxxxxxxxxxx', 'xxxxxxxx', 1, 1, 1, 1, 'Thank you for subscribing to {company} notification service. Thank you', 'An amount of GHS {amount}.00 has been deposited into your account by {company}. Your new balance is GHS {newbalance}.00. Thank you', NULL, 'An amount of GHS {amount}.00 has been transferred from your account to account number {account_number} by {company}. Your new balance is GHS {newbalance}.00. Thank you', '2022-07-13', 333343, 948296, '3b6e8a403628317aa464daa6b953b30d486be4ff'),
('xxxxxxxxxxxx', 'xxxxxxxx', 1, 1, 1, 1, 'Thank you for subscribing to {company} notification service. Thank you', 'An amount of GHS {amount}.00 has been deposited into your account by {company}. Your new balance is GHS {newbalance}.00. Thank you', NULL, 'An amount of GHS {amount}.00 has been transferred from your account to account number {account_number} by {company}. Your new balance is GHS {newbalance}.00. Thank you', '2022-07-13', 333343, 436944, '3d2aa154f6f48090e9e87ab6c17ba988e4e4175e'),
('xxxxxxxxxxxx', 'xxxxxxxx', 1, 1, 1, 1, 'Thank you for subscribing to {company} notification service. Thank you', 'An amount of GHS {amount}.00 has been deposited into your account by {company}. Your new balance is GHS {newbalance}.00. Thank you', NULL, 'An amount of GHS {amount}.00 has been transferred from your account to account number {account_number} by {company}. Your new balance is GHS {newbalance}.00. Thank you', '2022-07-13', 333343, 481758, '7914e31d135e081c9eb069a0722cd51c40d72cc8'),
('xxxxxxxxxxxx', 'xxxxxxxx', 1, 1, 1, 1, 'Thank you for subscribing to {company} notification service. Thank you', 'An amount of GHS {amount}.00 has been deposited into your account by {company}. Your new balance is GHS {newbalance}.00. Thank you', NULL, 'An amount of GHS {amount}.00 has been transferred from your account to account number {account_number} by {company}. Your new balance is GHS {newbalance}.00. Thank you', '2022-07-13', 333343, 647470, '36344f27773858a362259c9bc43d1fb36cc8814c'),
('96d98381024ba97b', 'RYAN SUSU', 0, 0, 0, 1, 'Thank you for subscribing to {company} notification service. Thank you', 'An amount of GHS {amount}.00 has been deposited into your account by {company}. Your new balance is GHS {newbalance}.00. Thank you', 'An amount of GHS {amount}.00 has been withdrawn into your account by {company}. Your new balance is GHS {newbalance}.00. Thank you', 'An amount of GHS {amount}.00 has been transferred from your account to account number {account_number} by {company}. Your new balance is GHS {newbalance}.00. Thank you', '2022-07-13 12:05:27pm', 714860, 726670, '67bbf00ec7502f9234cbadfeaf3bafd8f9dd4bc1'),
('xxxxxxxxxxxx', 'xxxxxxxx', 1, 1, 1, 1, 'Thank you for subscribing to {company} notification service. Thank you', 'An amount of GHS {amount}.00 has been deposited into your account by {company}. Your new balance is GHS {newbalance}.00. Thank you', NULL, 'An amount of GHS {amount}.00 has been transferred from your account to account number {account_number} by {company}. Your new balance is GHS {newbalance}.00. Thank you', '2022-07-14', 333343, 520403, '724b4973a64625f55e0579b424683a36268ea35f'),
('xxxxxxxxxxxx', 'xxxxxxxx', 0, 0, 1, 0, 'Thank you for subscribing to {company} notification service. Thank you', 'An amount of GHS {amount}.00 has been deposited into your account by {company}. Your new balance is GHS {newbalance}.00. Thank you', '', 'An amount of GHS {amount}.00 has been transferred from your account to account number {account_number} by {company}. Your new balance is GHS {newbalance}.00. Thank you', '2022-08-29 11:30:20am', 769406, 949796, 'fcfe13ad4d1727b528df3cc799f63bcac99989fe'),
('xxxxxxxxxxxx', 'xxxxxxxx', 1, 1, 1, 1, 'Thank you for subscribing to {company} notification service. Thank you', 'An amount of GHS {amount}.00 has been deposited into your account by {company}. Your new balance is GHS {newbalance}.00. Thank you', NULL, 'An amount of GHS {amount}.00 has been transferred from your account to account number {account_number} by {company}. Your new balance is GHS {newbalance}.00. Thank you', '2022-07-15', 333343, 984706, '1b8860b6a99c341b75aca71961037c76c48c8311'),
('xxxxxxxxxxxx', 'xxxxxxxx', 1, 1, 1, 1, 'Thank you for subscribing to {company} notification service. Thank you', 'An amount of GHS {amount}.00 has been deposited into your account by {company}. Your new balance is GHS {newbalance}.00. Thank you', NULL, 'An amount of GHS {amount}.00 has been transferred from your account to account number {account_number} by {company}. Your new balance is GHS {newbalance}.00. Thank you', '2022-07-15', 333343, 618608, 'cd4208fcaeb91cf953c5a9d546eeb6ed0aeb43cf'),
('xxxxxxxxxxxx', 'xxxxxxxx', 1, 1, 1, 1, 'Thank you for subscribing to {company} notification service. Thank you', 'An amount of GHS {amount}.00 has been deposited into your account by {company}. Your new balance is GHS {newbalance}.00. Thank you', NULL, 'An amount of GHS {amount}.00 has been transferred from your account to account number {account_number} by {company}. Your new balance is GHS {newbalance}.00. Thank you', '2022-07-15', 333343, 297358, '230cec1178f3af07d129697e0d4bfd49745622ab'),
('xxxxxxxxxxxx', 'xxxxxxxx', 1, 1, 1, 1, 'Thank you for subscribing to {company} notification service. Thank you', 'An amount of GHS {amount}.00 has been deposited into your account by {company}. Your new balance is GHS {newbalance}.00. Thank you', NULL, 'An amount of GHS {amount}.00 has been transferred from your account to account number {account_number} by {company}. Your new balance is GHS {newbalance}.00. Thank you', '2022-07-15', 333343, 618782, 'dbe3dd52f6e28c53356778eb1acc1f39d15f51ae'),
('xxxxxxxxxxxx', 'xxxxxxxx', 1, 1, 1, 1, 'Thank you for subscribing to {company} notification service. Thank you', 'An amount of GHS {amount}.00 has been deposited into your account by {company}. Your new balance is GHS {newbalance}.00. Thank you', NULL, 'An amount of GHS {amount}.00 has been transferred from your account to account number {account_number} by {company}. Your new balance is GHS {newbalance}.00. Thank you', '2022-07-15', 333343, 984103, '2d13e10d1e5893ba51a287aea0279b08c3fec0a8'),
('xxxxxxxxxxxx', 'xxxxxxxx', 1, 1, 1, 1, 'Thank you for subscribing to {company} notification service. Thank you', 'An amount of GHS {amount}.00 has been deposited into your account by {company}. Your new balance is GHS {newbalance}.00. Thank you', NULL, 'An amount of GHS {amount}.00 has been transferred from your account to account number {account_number} by {company}. Your new balance is GHS {newbalance}.00. Thank you', '2022-07-15', 333343, 515097, 'ed80c223309c91fce8973d14abc6d99a1e26d292'),
('xxxxxxxxxxxx', 'xxxxxxxx', 1, 1, 1, 1, 'Thank you for subscribing to {company} notification service. Thank you', 'An amount of GHS {amount}.00 has been deposited into your account by {company}. Your new balance is GHS {newbalance}.00. Thank you', NULL, 'An amount of GHS {amount}.00 has been transferred from your account to account number {account_number} by {company}. Your new balance is GHS {newbalance}.00. Thank you', '2022-07-15', 333343, 626175, 'b28bcf85241ef79280ec2ee32a27708727d6a69e'),
('xxxxxxxxxxxx', 'xxxxxxxx', 1, 1, 1, 1, 'Thank you for subscribing to {company} notification service. Thank you', 'An amount of GHS {amount}.00 has been deposited into your account by {company}. Your new balance is GHS {newbalance}.00. Thank you', NULL, 'An amount of GHS {amount}.00 has been transferred from your account to account number {account_number} by {company}. Your new balance is GHS {newbalance}.00. Thank you', '2022-07-15', 333343, 463006, 'b71e76f4459e825c7ae81b2eb24d87402a00013a'),
('xxxxxxxxxxxx', 'xxxxxxxx', 1, 1, 1, 1, 'Thank you for subscribing to {company} notification service. Thank you', 'An amount of GHS {amount}.00 has been deposited into your account by {company}. Your new balance is GHS {newbalance}.00. Thank you', NULL, 'An amount of GHS {amount}.00 has been transferred from your account to account number {account_number} by {company}. Your new balance is GHS {newbalance}.00. Thank you', '2022-07-15', 333343, 723795, 'c2f53e5364339fc3fd8e5597c6988cb46c8654eb'),
('xxxxxxxxxxxx', 'xxxxxxxx', 1, 1, 1, 1, 'Thank you for subscribing to {company} notification service. Thank you', 'An amount of GHS {amount}.00 has been deposited into your account by {company}. Your new balance is GHS {newbalance}.00. Thank you', NULL, 'An amount of GHS {amount}.00 has been transferred from your account to account number {account_number} by {company}. Your new balance is GHS {newbalance}.00. Thank you', '2022-07-15', 333343, 233211, 'd3054fab68f1f989e49ab4923266e2bafc636ae1'),
('xxxxxxxxxxxx', 'xxxxxxxx', 1, 1, 1, 1, 'Thank you for subscribing to {company} notification service. Thank you', 'An amount of GHS {amount}.00 has been deposited into your account by {company}. Your new balance is GHS {newbalance}.00. Thank you', NULL, 'An amount of GHS {amount}.00 has been transferred from your account to account number {account_number} by {company}. Your new balance is GHS {newbalance}.00. Thank you', '2022-07-15', 333343, 563554, '8fd5254ca0107c735fba5cb073c644c2d7f81fe4'),
('xxxxxxxxxxxx', 'xxxxxxxx', 1, 1, 1, 1, 'Thank you for subscribing to {company} notification service. Thank you', 'An amount of GHS {amount}.00 has been deposited into your account by {company}. Your new balance is GHS {newbalance}.00. Thank you', NULL, 'An amount of GHS {amount}.00 has been transferred from your account to account number {account_number} by {company}. Your new balance is GHS {newbalance}.00. Thank you', '2022-07-15', 333343, 811193, '5942015c5e4cc2ec291fde3fd4c8b6a3d21e8ba4'),
('xxxxxxxxxxxx', 'xxxxxxxx', 1, 1, 1, 1, 'Thank you for subscribing to {company} notification service. Thank you', 'An amount of GHS {amount}.00 has been deposited into your account by {company}. Your new balance is GHS {newbalance}.00. Thank you', NULL, 'An amount of GHS {amount}.00 has been transferred from your account to account number {account_number} by {company}. Your new balance is GHS {newbalance}.00. Thank you', '2022-08-09', 333343, 715676, '9eaaff2227c703af3afd2d6c8e3f3948d7eacc17'),
('xxxxxxxxxxxx', 'xxxxxxxx', 1, 1, 1, 1, 'Thank you for subscribing to {company} notification service. Thank you', 'An amount of GHS {amount}.00 has been deposited into your account by {company}. Your new balance is GHS {newbalance}.00. Thank you', NULL, 'An amount of GHS {amount}.00 has been transferred from your account to account number {account_number} by {company}. Your new balance is GHS {newbalance}.00. Thank you', '2022-08-23', 333343, 610240, 'e429c5d3678af5c0916e52eb733766ea38c74427'),
('xxxxxxxxxxxx', 'xxxxxxxx', 1, 1, 1, 1, 'Thank you for subscribing to {company} notification service. Thank you', 'An amount of GHS {amount}.00 has been deposited into your account by {company}. Your new balance is GHS {newbalance}.00. Thank you', NULL, 'An amount of GHS {amount}.00 has been transferred from your account to account number {account_number} by {company}. Your new balance is GHS {newbalance}.00. Thank you', '2022-08-29', 333343, 570826, 'c525bd9fa9a7c4ad634716d30aa6ee94f7384bad'),
('xxxxxxxxxxxx', 'xxxxxxxx', 1, 1, 1, 1, 'Thank you for subscribing to {company} notification service. Thank you', 'An amount of GHS {amount}.00 has been deposited into your account by {company}. Your new balance is GHS {newbalance}.00. Thank you', NULL, 'An amount of GHS {amount}.00 has been transferred from your account to account number {account_number} by {company}. Your new balance is GHS {newbalance}.00. Thank you', '2022-09-13', 333343, 392986, '37010fbc1caebb5b52c154946715a6b9bbac2a65'),
('xxxxxxxxxxxx', 'xxxxxxxx', 1, 1, 1, 1, 'Thank you for subscribing to {company} notification service. Thank you', 'An amount of GHS {amount}.00 has been deposited into your account by {company}. Your new balance is GHS {newbalance}.00. Thank you', NULL, 'An amount of GHS {amount}.00 has been transferred from your account to account number {account_number} by {company}. Your new balance is GHS {newbalance}.00. Thank you', '2022-09-13', 333343, 137093, 'c60a4078ae644b20ceededfe461e4a1cdb683ba6'),
('xxxxxxxxxxxx', 'xxxxxxxx', 1, 1, 1, 1, 'Thank you for subscribing to {company} notification service. Thank you', 'An amount of GHS {amount}.00 has been deposited into your account by {company}. Your new balance is GHS {newbalance}.00. Thank you', NULL, 'An amount of GHS {amount}.00 has been transferred from your account to account number {account_number} by {company}. Your new balance is GHS {newbalance}.00. Thank you', '2022-09-13', 333343, 764459, '807160dff82a467e78522112e11ce76adb9685d7'),
('368d7b51e799d3ce', 'SOFTPAYY GH', 0, 0, 1, 1, 'Thank you for subscribing to {company} notification service. \r\nWe offer Electronic, Home and Office appliances on Cash or Credit basis to customers. \r\nThank you.', 'An amount of GHS {amount}.00 has been deposited into your account by {company}. Your new balance is GHS {newbalance}.00. Thank you', NULL, 'An amount of GHS {amount}.00 has been transferred from your account to account number {account_number} by {company}. Your new balance is GHS {newbalance}.00. Thank you', '2022-09-13 02:24:07pm', 654346, 381272, '87e60bbaac39882253397fd984583d18d1960011'),
('xxxxxxxxxxxx', 'xxxxxxxx', 1, 1, 1, 1, 'Thank you for subscribing to {company} notification service. Thank you', 'An amount of GHS {amount}.00 has been deposited into your account by {company}. Your new balance is GHS {newbalance}.00. Thank you', NULL, 'An amount of GHS {amount}.00 has been transferred from your account to account number {account_number} by {company}. Your new balance is GHS {newbalance}.00. Thank you', '2022-09-16', 333343, 474308, '06f07880ca2c427ff3f7da3b3890a83ef82ce894'),
('xxxxxxxxxxxx', 'xxxxxxxx', 1, 1, 1, 1, 'Thank you for subscribing to {company} notification service. Thank you', 'An amount of GHS {amount}.00 has been deposited into your account by {company}. Your new balance is GHS {newbalance}.00. Thank you', NULL, 'An amount of GHS {amount}.00 has been transferred from your account to account number {account_number} by {company}. Your new balance is GHS {newbalance}.00. Thank you', '2022-09-21', 333343, 994529, '5981ca958d3023b16cda6d022580a2169495fec8'),
('xxxxxxxxxxxx', 'xxxxxxxx', 1, 1, 1, 1, 'Thank you for subscribing to {company} notification service. Thank you', 'An amount of GHS {amount}.00 has been deposited into your account by {company}. Your new balance is GHS {newbalance}.00. Thank you', NULL, 'An amount of GHS {amount}.00 has been transferred from your account to account number {account_number} by {company}. Your new balance is GHS {newbalance}.00. Thank you', '2022-10-11', 333343, 200776, 'fe2302a8a26c3cc35eb62cd1635f777b18bfab6d'),
('xxxxxxxxxxxx', 'xxxxxxxx', 1, 1, 1, 1, 'Thank you for subscribing to {company} notification service. Thank you', 'An amount of GHS {amount}.00 has been deposited into your account by {company}. Your new balance is GHS {newbalance}.00. Thank you', NULL, 'An amount of GHS {amount}.00 has been transferred from your account to account number {account_number} by {company}. Your new balance is GHS {newbalance}.00. Thank you', '2022-11-06', 333343, 548706, '7dd5230f47de7f8505dc10eccef603110b2ffa1d'),
('xxxxxxxxxxxx', 'xxxxxxxx', 1, 1, 1, 1, 'Thank you for subscribing to {company} notification service. Thank you', 'An amount of GHS {amount}.00 has been deposited into your account by {company}. Your new balance is GHS {newbalance}.00. Thank you', NULL, 'An amount of GHS {amount}.00 has been transferred from your account to account number {account_number} by {company}. Your new balance is GHS {newbalance}.00. Thank you', '2023-03-06', 333343, 898101, '923c161b09c8b8efc27a1c43e58e9b7aa4e0d3bc'),
('xxxxxxxxxxxx', 'xxxxxxxx', 1, 1, 1, 1, 'Thank you for subscribing to {company} notification service. Thank you', 'An amount of GHS {amount}.00 has been deposited into your account by {company}. Your new balance is GHS {newbalance}.00. Thank you', NULL, 'An amount of GHS {amount}.00 has been transferred from your account to account number {account_number} by {company}. Your new balance is GHS {newbalance}.00. Thank you', '2023-04-23', 333343, 451923, '87d4f63f0a6425862c08e4de934db396ddc4a86f'),
('xxxxxxxxxxxx', 'xxxxxxxx', 1, 1, 1, 1, 'Thank you for subscribing to {company} notification service. Thank you', 'An amount of GHS {amount}.00 has been deposited into your account by {company}. Your new balance is GHS {newbalance}.00. Thank you', NULL, 'An amount of GHS {amount}.00 has been transferred from your account to account number {account_number} by {company}. Your new balance is GHS {newbalance}.00. Thank you', '2023-05-29', 333343, 473858, 'de9bcbd700157373f298790a8255a233ad43d5e9'),
('xxxxxxxxxxxx', 'xxxxxxxx', 1, 1, 1, 1, 'Thank you for subscribing to {company} notification service. Thank you', 'An amount of GHS {amount}.00 has been deposited into your account by {company}. Your new balance is GHS {newbalance}.00. Thank you', NULL, 'An amount of GHS {amount}.00 has been transferred from your account to account number {account_number} by {company}. Your new balance is GHS {newbalance}.00. Thank you', '2023-06-05', 333343, 169954, 'fd887d9486ef5f667ad693c3b02d0b4778e08d74'),
('xxxxxxxxxxxx', 'xxxxxxxx', 1, 1, 1, 1, 'Thank you for subscribing to {company} notification service. Thank you', 'An amount of GHS {amount}.00 has been deposited into your account by {company}. Your new balance is GHS {newbalance}.00. Thank you', NULL, 'An amount of GHS {amount}.00 has been transferred from your account to account number {account_number} by {company}. Your new balance is GHS {newbalance}.00. Thank you', '2023-12-04', 333343, 379999, '5900ed8f8c72d4a07419fe4b79ce246905471685'),
('5775560e3c1971b9', 'GREEN STAR', 0, 0, 0, 0, 'Thank you for subscribing to {company} notification service. ', 'An amount of GHS {amount}.00 has been deposited into your account by {company}. Your new balance is GHS {newbalance}.00. Thank you', 'An amount of GHS {amount}.00 has been withdrawn from your account by {company}. Your new balance is GHS {newbalance}.00. Thank you.', 'An amount of GHS {amount}.00 has been transferred from your account to account number {account_number} by {company}. Your new balance is GHS {newbalance}.00. Thank you', '2024-07-18 03:43:05pm', 660546, 340059, '86ff45edd62bb42930e80c1ceb8bbb70629e545d'),
('xxxxxxxxxxxx', 'xxxxxxxx', 1, 1, 1, 1, 'Thank you for subscribing to {company} notification service. Thank you', 'An amount of GHS {amount}.00 has been deposited into your account by {company}. Your new balance is GHS {newbalance}.00. Thank you', NULL, 'An amount of GHS {amount}.00 has been transferred from your account to account number {account_number} by {company}. Your new balance is GHS {newbalance}.00. Thank you', '2024-06-03', 333343, 197163, 'bd61ba846a1f691a8928da8f43c118363fddf8eb'),
('xxxxxxxxxxxx', 'xxxxxxxx', 1, 1, 1, 1, 'Thank you for subscribing to {company} notification service. Thank you', 'An amount of GHS {amount}.00 has been deposited into your account by {company}. Your new balance is GHS {newbalance}.00. Thank you', NULL, 'An amount of GHS {amount}.00 has been transferred from your account to account number {account_number} by {company}. Your new balance is GHS {newbalance}.00. Thank you', '2024-06-03', 333343, 518163, '96cdeec13ef635dec886cc85c86a0eb885459d9a'),
('xxxxxxxxxxxx', 'xxxxxxxx', 1, 1, 1, 1, 'Thank you for subscribing to {company} notification service. Thank you', 'An amount of GHS {amount}.00 has been deposited into your account by {company}. Your new balance is GHS {newbalance}.00. Thank you', NULL, 'An amount of GHS {amount}.00 has been transferred from your account to account number {account_number} by {company}. Your new balance is GHS {newbalance}.00. Thank you', '2024-06-03', 333343, 929764, 'c0ca8b4ce85318d82db1b2bc8834d284380447f8'),
('xxxxxxxxxxxx', 'xxxxxxxx', 1, 1, 1, 1, 'Thank you for subscribing to {company} notification service. Thank you', 'An amount of GHS {amount}.00 has been deposited into your account by {company}. Your new balance is GHS {newbalance}.00. Thank you', NULL, 'An amount of GHS {amount}.00 has been transferred from your account to account number {account_number} by {company}. Your new balance is GHS {newbalance}.00. Thank you', '2024-06-03', 333343, 267680, '8d34a5b30fd386da66e1bd76b1440dc28d295f84'),
('xxxxxxxxxxxx', 'xxxxxxxx', 1, 1, 1, 1, 'Thank you for subscribing to {company} notification service. Thank you', 'An amount of GHS {amount}.00 has been deposited into your account by {company}. Your new balance is GHS {newbalance}.00. Thank you', NULL, 'An amount of GHS {amount}.00 has been transferred from your account to account number {account_number} by {company}. Your new balance is GHS {newbalance}.00. Thank you', '2024-06-03', 333343, 371265, '89f89f175be22abad07ec2ab9cde40cc54b20184'),
('xxxxxxxxxxxx', 'xxxxxxxx', 1, 1, 1, 1, 'Thank you for subscribing to {company} notification service. Thank you', 'An amount of GHS {amount}.00 has been deposited into your account by {company}. Your new balance is GHS {newbalance}.00. Thank you', NULL, 'An amount of GHS {amount}.00 has been transferred from your account to account number {account_number} by {company}. Your new balance is GHS {newbalance}.00. Thank you', '2024-06-03', 333343, 933642, '23e0f277da83ee9274f173cf76de409322c2af8c'),
('4a97b234462c3996', 'EPHODTECHL', 0, 0, 0, 1, 'Thank you for subscribing to {company} notification service. Thank you', 'An amount of GHS {amount}.00 has been deposited into your account by {company}. Your new balance is GHS {newbalance}.00. Thank you', 'An amount of GHS {amount}.00 has been withdrawn from your account by {company}. Your new balance is GHS {newbalance}.00. Thank you', 'An amount of GHS {amount}.00 has been transferred from your account to account number {account_number} by {company}. Your new balance is GHS {newbalance}.00. Thank you', '2024-07-18 08:54:06pm', 920215, 377586, '1d809bf8c54a41eb7ab35a5c1105756edcfccb34'),
('xxxxxxxxxxxx', 'xxxxxxxx', 1, 1, 1, 1, 'Thank you for subscribing to {company} notification service. Thank you', 'An amount of GHS {amount}.00 has been deposited into your account by {company}. Your new balance is GHS {newbalance}.00. Thank you', NULL, 'An amount of GHS {amount}.00 has been transferred from your account to account number {account_number} by {company}. Your new balance is GHS {newbalance}.00. Thank you', '2024-07-14', 333343, 961704, '6eef8a510f926e885dadd15a75ccf532e1d32a35'),
('xxxxxxxxxxxxxx', 'Linkseng', 1, 1, 1, 1, 'Thank you for subscribing to {company} notification service. Thank you', 'An amount of GHS {amount}.00 has been deposited into your account by {company}. Your new balance is GHS {newbalance}.00. Thank you', 'An amount of GHS {amount}.00 has been withdrawn from your account by {company}. Your new balance is GHS {newbalance}.00. Thank you', 'An amount of GHS {amount}.00 has been transferred from your account to account number {account_number} by {company}. Your new balance is GHS {newbalance}.00. Thank you', '2024-07-23 04:37:48am', 594019, 516448, 'a98aebe1cac4bea285fb2752b1b31c7d6de216fd'),
('xxxxxxxxxxxx', 'xxxxxxxx', 1, 1, 1, 1, 'Thank you for subscribing to {company} notification service. Thank you', 'An amount of GHS {amount}.00 has been deposited into your account by {company}. Your new balance is GHS {newbalance}.00. Thank you', NULL, 'An amount of GHS {amount}.00 has been transferred from your account to account number {account_number} by {company}. Your new balance is GHS {newbalance}.00. Thank you', '2024-07-15', 333343, 558404, 'bf47c7788dd1820ba5813cb813d8434c00ccc090'),
('b1661b47fab698b9', 'SMEPROBANKING', 0, 0, 0, 0, 'Thank you for subscribing to {company} notification service. Thank you', 'An amount of GHS {amount}.00 has been deposited into your account by {company}. Your new balance is GHS {newbalance}.00. Thank you', 'An amount of GHS {amount}.00 has been withdrwan into your account by {company}. Your new balance is GHS {newbalance}.00. Thank you', 'An amount of GHS {amount}.00 has been transferred from your account to account number {account_number} by {company}. Your new balance is GHS {newbalance}.00. Thank you', '2024-07-18 07:08:42pm', 135072, 499047, 'd0a5ce6e9080e5eae17c99adf56c3df2c51dba3d'),
('xxxxxxxxxxxx', 'xxxxxxxx', 1, 1, 1, 1, 'Thank you for subscribing to {company} notification service. Thank you', 'An amount of GHS {amount}.00 has been deposited into your account by {company}. Your new balance is GHS {newbalance}.00. Thank you', NULL, 'An amount of GHS {amount}.00 has been transferred from your account to account number {account_number} by {company}. Your new balance is GHS {newbalance}.00. Thank you', '2024-07-19', 333343, 270530, '453e1672318b7a23530850c9929b708193af119c'),
('xxxxxxxxxxxx', 'xxxxxxxx', 1, 1, 1, 1, 'Thank you for subscribing to {company} notification service. Thank you', 'An amount of GHS {amount}.00 has been deposited into your account by {company}. Your new balance is GHS {newbalance}.00. Thank you', NULL, 'An amount of GHS {amount}.00 has been transferred from your account to account number {account_number} by {company}. Your new balance is GHS {newbalance}.00. Thank you', '2024-07-19', 333343, 751991, 'dfa41f8af471afdab012b1ddceaab6c58a4a491b'),
('xxxxxxxxxxxx', 'xxxxxxxx', 1, 1, 1, 1, 'Thank you for subscribing to {company} notification service. Thank you', 'An amount of GHS {amount}.00 has been deposited into your account by {company}. Your new balance is GHS {newbalance}.00. Thank you', NULL, 'An amount of GHS {amount}.00 has been transferred from your account to account number {account_number} by {company}. Your new balance is GHS {newbalance}.00. Thank you', '2024-07-23 10:50:48am', 342869, 598200, '7cfd4c6e235b6866eeee14ada08fb1b3a9d321c1'),
('xxxxxxxxxxxx', 'xxxxxxxx', 0, 0, 0, 1, 'Thank you for subscribing to {company} notification service. Thank you', 'An amount of GHS {amount}.00 has been deposited into your account by {company}. Your new balance is GHS {newbalance}.00. Thank you', NULL, 'An amount of GHS {amount}.00 has been transferred from your account to account number {account_number} by {company}. Your new balance is GHS {newbalance}.00. Thank you', '2024-07-31', 333343, 352648, 'b421cda7aabb69ec941d10fdb687d32e2c8ddd2c');

-- --------------------------------------------------------

--
-- Table structure for table `sms_tb`
--

CREATE TABLE `sms_tb` (
  `ID` int NOT NULL,
  `ACCOUNT_NO` varchar(200) NOT NULL,
  `MESSAGE` varchar(255) DEFAULT NULL,
  `CONTACT` varchar(20) DEFAULT NULL,
  `DATE_CREATED` timestamp NOT NULL DEFAULT CURRENT_TIMESTAMP ON UPDATE CURRENT_TIMESTAMP,
  `CCODE` int NOT NULL,
  `HCODE` longtext NOT NULL
) ENGINE=MyISAM DEFAULT CHARSET=utf8mb3;

-- --------------------------------------------------------

--
-- Table structure for table `status_tb`
--

CREATE TABLE `status_tb` (
  `ID` int NOT NULL,
  `STATUS` varchar(10) DEFAULT NULL,
  `DESCRIPTION` varchar(200) NOT NULL,
  `DATE_CREATED` timestamp NOT NULL DEFAULT CURRENT_TIMESTAMP,
  `CCODE` int NOT NULL,
  `HCODE` longtext NOT NULL
) ENGINE=InnoDB DEFAULT CHARSET=utf8mb3;

-- --------------------------------------------------------

--
-- Table structure for table `subscription_tb`
--

CREATE TABLE `subscription_tb` (
  `ID` int NOT NULL,
  `SUBSCRIPTION` int NOT NULL,
  `DAYS_LEFT` int NOT NULL,
  `DATE_MODIFIED` varchar(50) DEFAULT NULL,
  `CCODE` int NOT NULL,
  `HCODE` longtext NOT NULL
) ENGINE=InnoDB DEFAULT CHARSET=utf8mb3;

--
-- Dumping data for table `subscription_tb`
--

INSERT INTO `subscription_tb` (`ID`, `SUBSCRIPTION`, `DAYS_LEFT`, `DATE_MODIFIED`, `CCODE`, `HCODE`) VALUES
(2, 10000, 7, '2022-06-27', 603870, 'sgsgadfdsfasdf54545457fdfdfbhyyrtrtrtwwe'),
(3, 7, 7, '2022-07-14', 520403, 'db9302fccba5ffb8fcae7304e5c4feeb5a87a917'),
(4, 126, 7, '2022-07-14', 949796, '40d14c22f0f42f205d87eec7204f76fc56b8af24'),
(5, 7, 7, '2022-07-15', 984706, '6464c61388ac736d6aa7083aa72a8550ee19f176'),
(6, 7, 0, '2022-07-15', 618608, '55fd4a0ef5f3263a232a656716c21d0907e4c087'),
(7, 7, 5, '2022-07-15', 297358, 'abe8171f9e8dcc23fb9de34e63f6b98a67c831a5'),
(8, 7, 7, '2022-07-15', 618782, 'b8c8f8de814707c3efb8039e26bc94d967494860'),
(9, 7, 7, '2022-07-15', 984103, '7b62626f607e96b7f7e341f5c4575e759affa943'),
(10, 7, 7, '2022-07-15', 515097, 'a09033d3a296ba246d4de9762093474b8b02221d'),
(11, 7, 7, '2022-07-15', 626175, '7d99875a3544fe085a49ecd41e2bec25b612213c'),
(12, 7, 7, '2022-07-15', 463006, '33ddb3a617e320c55e1245d0954c4ace2c426a1e'),
(13, 7, 7, '2022-07-15', 723795, '4d5716c4194509f57006682a658b620cf861f363'),
(14, 1095, 0, '2024-02-04', 233211, '6ecf66b14ff3ba7b27646b6ca86f518ee110d560'),
(15, 7, 7, '2022-07-15', 563554, '010877e66b2858c76c179987beb463f45efd655f'),
(16, 7, 0, '2022-07-15', 811193, '1811df29dcc06bcfd79633e3dada7f17d5525496'),
(17, 7, 0, '2022-08-09', 715676, '80b412bc35427324bc0f6ac9ba3612717b63e7c2'),
(18, 7, 0, '2022-08-23', 610240, '2d256aad63c59b5c3a52957408c5c92411c0e89e'),
(19, 4094, 0, '2022-08-29', 570826, 'b8c9f616241a97f0e6c71fef33498fa29c136ef2'),
(20, 7, 4, '2022-09-13', 392986, '0458116f0e60540d5e2b3ef71ce8c9e3bb51c5bb'),
(21, 7, 4, '2022-09-13', 137093, 'b84eaebc113f99e1bebec57b32c1d227b1b15773'),
(22, 7, 4, '2022-09-13', 764459, '84b8b9aa688133d6f42cae132bbf68fe9ab790fd'),
(23, 30, 0, '2022-09-13', 381272, '2d642792006767b849cd63c97dec2b29d7b62b5a'),
(24, 7, 7, '2022-09-16', 474308, 'ef65a217bfa27ed45c83aead5e0d112f5774e6ae'),
(25, 126, 126, '2022-09-21', 994529, 'ef183fd9674ab581477f4fd3b60daafd9318c8c4'),
(26, 7, 0, '2022-10-11', 200776, '310342bf7470679910f1b5267bc7122aceb48390'),
(27, 7, 0, '2022-11-06', 548706, '82ad82a5a84c31c42ebcd53e39f123ef2fa8ecb3'),
(28, 7, 0, '2023-03-06', 898101, '2958f6ac47090c311d79fdfc660e43932187e698'),
(29, 7, 0, '2023-04-23', 451923, 'cb0dbd6965ace79e54cae174ecbfca9d70481026'),
(30, 7, 0, '2023-05-29', 473858, '652d03ad857c88b39dca0709ce273ff41feaad3b'),
(31, 7, 7, '2023-06-05', 169954, '892041df232a589f0d309af6767bba2b9b28ded2'),
(32, 7, 7, '2023-12-04', 379999, 'a3c30703caa0f3269da0a074b4a3778f9ec7bdf9'),
(33, 1000000, 999897, '2024-08-06', 340059, '8f0c2c43ae0fc88cebaf6aa6a5d132c84cb33153'),
(34, 7, 7, '2024-06-03', 197163, '0fd0b406f5eb4c4fe49947269799a651e07573aa'),
(35, 39, 23, '2024-07-21 22:31', 518163, '8e5f7e995e4a3f9102ece0710b643eaf58929fef'),
(36, 12, 1, '2024-07-21 23:56', 929764, 'aaa16be1dedc256b103ab9bb8d6306887ce1e740'),
(37, 7, 0, '2024-06-03', 267680, 'c21d39e26cc093cab3dca8b6a141f1b0a1fc0cbb'),
(38, 7, 0, '2024-06-03', 371265, '6098b03817a21703a479bc73c000e8d8d1cef57a'),
(39, 12, 2, '2024-07-21 22:55', 933642, 'f00b564263a0d3a91370dc236fff5820464dca41'),
(40, 355, 699, '2024-08-01', 377586, '692f785fb86a37105a3e5f2220c885da48c44e28'),
(41, 29, 18, '2024-07-21 22:59', 961704, '586ded982a4562812da2d46f2d30157a292038c6'),
(42, 349, 688, '2024-08-01', 516448, 'c67d70145332c7dd4851e10f7622b6a7ba048c07'),
(43, 7, 7, '2024-07-15', 558404, '59105ffe393f10c9bc44d881e54dfdb2deb71ec6'),
(44, 362, 351, '2024-07-21 23:00', 499047, '70c2d9832651bba13dc49e8b2f7003b48d5b5cd9'),
(45, 180, 352, '2024-08-01', 270530, 'efd7b182bb867cb754ce3556327c15a816aac6c9'),
(46, 7, 7, '2024-07-19', 751991, '8a157712126a73b44142a34331b707b9f12bc8dd'),
(47, 365, 721, '2024-08-01', 598200, 'f842a6d5504d5a4890a1616aa2bd99b375d6c1a0'),
(48, 7, 0, '2024-07-31', 352648, '35e95b3fafcf673fd34a69158d604ce21d6a6c23');

-- --------------------------------------------------------

--
-- Table structure for table `susucomm_tb`
--

CREATE TABLE `susucomm_tb` (
  `ID` bigint NOT NULL,
  `SOURCE` int DEFAULT NULL COMMENT '1:Deposit 2: Withdrawal',
  `DEPID` int NOT NULL,
  `AMOUNT` double NOT NULL,
  `RATE` double NOT NULL,
  `COMMISSION` double NOT NULL,
  `POSTED_BY` int NOT NULL,
  `DATE_CREATED` varchar(100) COLLATE utf8mb4_general_ci NOT NULL,
  `DATE_MODIFIED` varchar(100) COLLATE utf8mb4_general_ci DEFAULT NULL,
  `CCODE` int NOT NULL,
  `HCODE` longtext COLLATE utf8mb4_general_ci NOT NULL
) ENGINE=MyISAM DEFAULT CHARSET=utf8mb4 COLLATE=utf8mb4_general_ci;

-- --------------------------------------------------------

--
-- Table structure for table `sync_history`
--

CREATE TABLE `sync_history` (
  `ID` int NOT NULL,
  `DATE_CREATED` varchar(50) DEFAULT NULL,
  `LAST_DATE` varchar(50) NOT NULL,
  `LAST_TIME` varchar(50) NOT NULL,
  `SYNC_BY` int DEFAULT NULL,
  `HOST_ID` varchar(50) DEFAULT NULL
) ENGINE=MyISAM DEFAULT CHARSET=utf8mb3;

--
-- Dumping data for table `sync_history`
--

INSERT INTO `sync_history` (`ID`, `DATE_CREATED`, `LAST_DATE`, `LAST_TIME`, `SYNC_BY`, `HOST_ID`) VALUES
(3, '2022-07-01 01:59:39', '1st July, 2022', '01:59 AM', 219038, '364834'),
(4, '2022-07-01 15:11:56', '1st July, 2022', '03:11 PM', 781795, '104565'),
(5, '2022-07-01 15:11:56', '1st July, 2022', '03:11 PM', 781795, '104565'),
(6, '2022-07-01', 'Not yet', 'Not yet', 34323, '604996'),
(7, '2022-07-01', '2022-07-01', '2022-07-01', 10001, '604996'),
(8, '2022-07-01', 'Not yet', 'Not yet', 34323, '616561'),
(9, '2022-07-01', '2022-07-01', '2022-07-01', 10001, '616561'),
(10, '2022-07-02 07:20:57', '2nd July, 2022', '07:20 AM', 201515, '897326'),
(11, '2022-07-02 07:20:57', '2nd July, 2022', '07:20 AM', 201515, '897326'),
(12, '2022-07-03 22:49:35', '3rd July, 2022', '10:49 PM', 508199, '822796'),
(13, '2022-07-03 22:49:35', '3rd July, 2022', '10:49 PM', 508199, '822796'),
(14, '2022-07-03', 'Not yet', 'Not yet', 34323, '519574'),
(15, '2022-07-03', '2022-07-03', '2022-07-03', 10001, '519574'),
(16, '2022-07-06', 'Not yet', 'Not yet', 34323, '603634'),
(17, '2022-07-06', '2022-07-06', '2022-07-06', 10001, '603634'),
(18, '2022-07-10', 'Not yet', 'Not yet', 34323, '251115'),
(19, '2022-07-10', '2022-07-10', '2022-07-10', 10001, '251115'),
(20, '2022-07-11', 'Not yet', 'Not yet', 34323, '381877'),
(21, '2022-07-11', '2022-07-11', '2022-07-11', 10001, '381877'),
(22, '2022-07-13', 'Not yet', 'Not yet', 34323, '948296'),
(23, '2022-07-13', '2022-07-13', '2022-07-13', 10001, '948296'),
(24, '2022-07-13', 'Not yet', 'Not yet', 34323, '436944'),
(25, '2022-07-13', '2022-07-13', '2022-07-13', 10001, '436944'),
(26, '2022-07-13', 'Not yet', 'Not yet', 34323, '481758'),
(27, '2022-07-13', '2022-07-13', '2022-07-13', 10001, '481758'),
(28, '2022-07-13', 'Not yet', 'Not yet', 34323, '647470'),
(29, '2022-07-13', '2022-07-13', '2022-07-13', 10001, '647470'),
(30, '2022-07-13', 'Not yet', 'Not yet', 34323, '726670'),
(31, '2022-07-13', '2022-07-13', '2022-07-13', 10001, '726670'),
(32, '2022-07-14', 'Not yet', 'Not yet', 34323, '520403'),
(33, '2022-07-14', '2022-07-14', '2022-07-14', 10001, '520403'),
(34, '2022-07-14', 'Not yet', 'Not yet', 34323, '949796'),
(35, '2022-07-14', '2022-07-14', '2022-07-14', 10001, '949796'),
(36, '2022-07-15', 'Not yet', 'Not yet', 34323, '984706'),
(37, '2022-07-15', '2022-07-15', '2022-07-15', 10001, '984706'),
(38, '2022-07-15', 'Not yet', 'Not yet', 34323, '618608'),
(39, '2022-07-15', '2022-07-15', '2022-07-15', 10001, '618608'),
(40, '2022-07-15', 'Not yet', 'Not yet', 34323, '297358'),
(41, '2022-07-15', '2022-07-15', '2022-07-15', 10001, '297358'),
(42, '2022-07-15', 'Not yet', 'Not yet', 34323, '618782'),
(43, '2022-07-15', '2022-07-15', '2022-07-15', 10001, '618782'),
(44, '2022-07-15', 'Not yet', 'Not yet', 34323, '984103'),
(45, '2022-07-15', '2022-07-15', '2022-07-15', 10001, '984103'),
(46, '2022-07-15', 'Not yet', 'Not yet', 34323, '515097'),
(47, '2022-07-15', '2022-07-15', '2022-07-15', 10001, '515097'),
(48, '2022-07-15', 'Not yet', 'Not yet', 34323, '626175'),
(49, '2022-07-15', '2022-07-15', '2022-07-15', 10001, '626175'),
(50, '2022-07-15', 'Not yet', 'Not yet', 34323, '463006'),
(51, '2022-07-15', '2022-07-15', '2022-07-15', 10001, '463006'),
(52, '2022-07-15', 'Not yet', 'Not yet', 34323, '723795'),
(53, '2022-07-15', '2022-07-15', '2022-07-15', 10001, '723795'),
(54, '2022-07-15', 'Not yet', 'Not yet', 34323, '233211'),
(55, '2022-07-15', '2022-07-15', '2022-07-15', 10001, '233211'),
(56, '2022-07-15', 'Not yet', 'Not yet', 34323, '563554'),
(57, '2022-07-15', '2022-07-15', '2022-07-15', 10001, '563554'),
(58, '2022-07-15', 'Not yet', 'Not yet', 34323, '811193'),
(59, '2022-07-15', '2022-07-15', '2022-07-15', 10001, '811193'),
(60, '2022-08-09', 'Not yet', 'Not yet', 34323, '715676'),
(61, '2022-08-09', '2022-08-09', '2022-08-09', 10001, '715676'),
(62, '2022-08-23', 'Not yet', 'Not yet', 34323, '610240'),
(63, '2022-08-23', '2022-08-23', '2022-08-23', 10001, '610240'),
(64, '2022-08-29', 'Not yet', 'Not yet', 34323, '570826'),
(65, '2022-08-29', '2022-08-29', '2022-08-29', 10001, '570826'),
(66, '2022-09-13', 'Not yet', 'Not yet', 34323, '392986'),
(67, '2022-09-13', '2022-09-13', '2022-09-13', 10001, '392986'),
(68, '2022-09-13', 'Not yet', 'Not yet', 34323, '137093'),
(69, '2022-09-13', '2022-09-13', '2022-09-13', 10001, '137093'),
(70, '2022-09-13', 'Not yet', 'Not yet', 34323, '764459'),
(71, '2022-09-13', '2022-09-13', '2022-09-13', 10001, '764459'),
(72, '2022-09-13', 'Not yet', 'Not yet', 34323, '381272'),
(73, '2022-09-13', '2022-09-13', '2022-09-13', 10001, '381272'),
(74, '2022-09-16', 'Not yet', 'Not yet', 34323, '474308'),
(75, '2022-09-16', '2022-09-16', '2022-09-16', 10001, '474308'),
(76, '2022-09-21', 'Not yet', 'Not yet', 34323, '994529'),
(77, '2022-09-21', '2022-09-21', '2022-09-21', 10001, '994529'),
(78, '2022-10-11', 'Not yet', 'Not yet', 34323, '200776'),
(79, '2022-10-11', '2022-10-11', '2022-10-11', 10001, '200776'),
(80, '2022-11-06', 'Not yet', 'Not yet', 34323, '548706'),
(81, '2022-11-06', '2022-11-06', '2022-11-06', 10001, '548706'),
(82, '2023-03-06', 'Not yet', 'Not yet', 34323, '898101'),
(83, '2023-03-06', '2023-03-06', '2023-03-06', 10001, '898101'),
(84, '2023-04-23', 'Not yet', 'Not yet', 34323, '451923'),
(85, '2023-04-23', '2023-04-23', '2023-04-23', 10001, '451923'),
(86, '2023-05-29', 'Not yet', 'Not yet', 34323, '473858'),
(87, '2023-05-29', '2023-05-29', '2023-05-29', 10001, '473858'),
(88, '2023-06-05', 'Not yet', 'Not yet', 34323, '169954'),
(89, '2023-06-05', '2023-06-05', '2023-06-05', 10001, '169954'),
(90, '2023-12-04', 'Not yet', 'Not yet', 34323, '379999'),
(91, '2023-12-04', '2023-12-04', '2023-12-04', 10001, '379999'),
(92, '2024-04-25', 'Not yet', 'Not yet', 34323, '340059'),
(93, '2024-04-25', '2024-04-25', '2024-04-25', 10001, '340059'),
(94, '2024-06-03', 'Not yet', 'Not yet', 34323, '197163'),
(95, '2024-06-03', 'Not yet', 'Not yet', 34323, '518163'),
(96, '2024-06-03', 'Not yet', 'Not yet', 34323, '929764'),
(97, '2024-06-03', 'Not yet', 'Not yet', 34323, '267680'),
(98, '2024-06-03', 'Not yet', 'Not yet', 34323, '371265'),
(99, '2024-06-03', 'Not yet', 'Not yet', 34323, '933642'),
(100, '2024-07-11', 'Not yet', 'Not yet', 34323, '377586'),
(101, '2024-07-14', 'Not yet', 'Not yet', 34323, '961704'),
(102, '2024-07-15', 'Not yet', 'Not yet', 34323, '516448'),
(103, '2024-07-15', 'Not yet', 'Not yet', 34323, '558404'),
(104, '2024-07-18', 'Not yet', 'Not yet', 34323, '499047'),
(105, '2024-07-19', 'Not yet', 'Not yet', 34323, '270530'),
(106, '2024-07-19', 'Not yet', 'Not yet', 34323, '751991'),
(107, '2024-07-22 10:58:27', '2024-07-22 10:58:27', '10:58:27', 10001, NULL),
(108, '2024-07-23', 'Not yet', 'Not yet', 34323, '598200'),
(109, '2024-07-31', 'Not yet', 'Not yet', 34323, '352648');

-- --------------------------------------------------------

--
-- Table structure for table `withdrawal_tb`
--

CREATE TABLE `withdrawal_tb` (
  `ID` bigint NOT NULL,
  `CODE` bigint NOT NULL,
  `AMOUNT` varchar(200) COLLATE utf8mb4_general_ci NOT NULL,
  `CLIENT_ID` bigint DEFAULT NULL,
  `ACCOUNT_NUMBER` varchar(200) COLLATE utf8mb4_general_ci NOT NULL,
  `DATE_CREATED` varchar(100) COLLATE utf8mb4_general_ci DEFAULT NULL,
  `PHOTO` longtext COLLATE utf8mb4_general_ci,
  `DATE_NORMAL` varchar(200) COLLATE utf8mb4_general_ci DEFAULT NULL,
  `DATE_MODIFIED` varchar(50) COLLATE utf8mb4_general_ci DEFAULT NULL,
  `CREATED_BY` int DEFAULT NULL,
  `TAG` int NOT NULL COMMENT '1:Deposit 2:Withdrawal',
  `CCODE` int DEFAULT NULL,
  `HCODE` longtext COLLATE utf8mb4_general_ci
) ENGINE=InnoDB DEFAULT CHARSET=utf8mb4 COLLATE=utf8mb4_general_ci;

--
-- Indexes for dumped tables
--

--
-- Indexes for table `account_number_tb`
--
ALTER TABLE `account_number_tb`
  ADD PRIMARY KEY (`ID`);

--
-- Indexes for table `account_tb`
--
ALTER TABLE `account_tb`
  ADD PRIMARY KEY (`ID`),
  ADD KEY `CLIENT_ID` (`CLIENT_ID`),
  ADD KEY `PRODUCT_ID` (`PRODUCT_ID`);

--
-- Indexes for table `acc_status_tb`
--
ALTER TABLE `acc_status_tb`
  ADD PRIMARY KEY (`ID`);

--
-- Indexes for table `activation_tb`
--
ALTER TABLE `activation_tb`
  ADD PRIMARY KEY (`ID`);

--
-- Indexes for table `activity_tb`
--
ALTER TABLE `activity_tb`
  ADD PRIMARY KEY (`ID`);

--
-- Indexes for table `admin_tb`
--
ALTER TABLE `admin_tb`
  ADD PRIMARY KEY (`ID`),
  ADD KEY `USER_ROLE` (`USER_ROLE`);

--
-- Indexes for table `balance_tb`
--
ALTER TABLE `balance_tb`
  ADD PRIMARY KEY (`ID`),
  ADD KEY `CLIENT_ID` (`CLIENT_ID`),
  ADD KEY `ACCOUNT_NUMBER` (`ACCOUNT_NUMBER`),
  ADD KEY `PRODUCT_ID` (`PRODUCT_ID`);

--
-- Indexes for table `charge_tb`
--
ALTER TABLE `charge_tb`
  ADD PRIMARY KEY (`ID`),
  ADD KEY `CLIENT_ID` (`CLIENT_ID`),
  ADD KEY `WITHDRAWAL_ID` (`WITHDRAWAL_ID`);

--
-- Indexes for table `check_tb`
--
ALTER TABLE `check_tb`
  ADD PRIMARY KEY (`ID`);

--
-- Indexes for table `client_tb`
--
ALTER TABLE `client_tb`
  ADD PRIMARY KEY (`ID`),
  ADD KEY `ACCOUNT_STATUS` (`ACCOUNT_STATUS`),
  ADD KEY `POST_BY` (`POST_BY`);

--
-- Indexes for table `client_temp_tb`
--
ALTER TABLE `client_temp_tb`
  ADD PRIMARY KEY (`ID`);

--
-- Indexes for table `company_tb`
--
ALTER TABLE `company_tb`
  ADD PRIMARY KEY (`ID`);

--
-- Indexes for table `delist_tb`
--
ALTER TABLE `delist_tb`
  ADD PRIMARY KEY (`ID`);

--
-- Indexes for table `deposit_tb`
--
ALTER TABLE `deposit_tb`
  ADD PRIMARY KEY (`ID`),
  ADD KEY `CLIENT_ID` (`CLIENT_ID`),
  ADD KEY `CREATED_BY` (`CREATED_BY`);

--
-- Indexes for table `dept_tb`
--
ALTER TABLE `dept_tb`
  ADD PRIMARY KEY (`id`),
  ADD KEY `companyid` (`companyid`);

--
-- Indexes for table `fees_tb`
--
ALTER TABLE `fees_tb`
  ADD PRIMARY KEY (`ID`),
  ADD KEY `PRODUCT_ID` (`PRODUCT_ID`);

--
-- Indexes for table `fee_tb`
--
ALTER TABLE `fee_tb`
  ADD PRIMARY KEY (`ID`),
  ADD KEY `PRODUCT_ID` (`PRODUCT_ID`);

--
-- Indexes for table `formfee_tb`
--
ALTER TABLE `formfee_tb`
  ADD PRIMARY KEY (`id`);

--
-- Indexes for table `form_tb`
--
ALTER TABLE `form_tb`
  ADD PRIMARY KEY (`ID`);

--
-- Indexes for table `haccount_tb`
--
ALTER TABLE `haccount_tb`
  ADD PRIMARY KEY (`ID`),
  ADD KEY `CLIENT_ID` (`CLIENT_ID`),
  ADD KEY `PRODUCT_ID` (`PRODUCT_ID`);

--
-- Indexes for table `hcharge_tb`
--
ALTER TABLE `hcharge_tb`
  ADD PRIMARY KEY (`ID`),
  ADD KEY `CLIENT_ID` (`CLIENT_ID`),
  ADD KEY `WITHDRAWAL_ID` (`WITHDRAWAL_ID`);

--
-- Indexes for table `hproduct_tb`
--
ALTER TABLE `hproduct_tb`
  ADD PRIMARY KEY (`ID`);

--
-- Indexes for table `interest_tb`
--
ALTER TABLE `interest_tb`
  ADD PRIMARY KEY (`ID`),
  ADD KEY `PRODUCT_ID` (`PRODUCT_ID`);

--
-- Indexes for table `loanreg_tb`
--
ALTER TABLE `loanreg_tb`
  ADD PRIMARY KEY (`id`);

--
-- Indexes for table `loan_payment`
--
ALTER TABLE `loan_payment`
  ADD PRIMARY KEY (`ID`),
  ADD KEY `CUSTOMERID` (`CUSTOMERID`),
  ADD KEY `LOANID` (`LOANID`);

--
-- Indexes for table `loan_product_tb`
--
ALTER TABLE `loan_product_tb`
  ADD PRIMARY KEY (`ID`);

--
-- Indexes for table `loan_tb`
--
ALTER TABLE `loan_tb`
  ADD PRIMARY KEY (`ID`);

--
-- Indexes for table `momo_trans_tb`
--
ALTER TABLE `momo_trans_tb`
  ADD PRIMARY KEY (`ID`),
  ADD KEY `POSTED_BY` (`POSTED_BY`);

--
-- Indexes for table `month_tb`
--
ALTER TABLE `month_tb`
  ADD PRIMARY KEY (`ID`);

--
-- Indexes for table `no_account_tb`
--
ALTER TABLE `no_account_tb`
  ADD PRIMARY KEY (`ID`),
  ADD KEY `CLIENT_ID` (`CLIENT_ID`);

--
-- Indexes for table `penalty_tb`
--
ALTER TABLE `penalty_tb`
  ADD PRIMARY KEY (`ID`),
  ADD KEY `CUSTOMERID` (`CUSTOMERID`),
  ADD KEY `LOANID` (`LOANID`);

--
-- Indexes for table `product_tb`
--
ALTER TABLE `product_tb`
  ADD PRIMARY KEY (`ID`),
  ADD KEY `CLIENT_ID` (`CLIENT_ID`);

--
-- Indexes for table `residence_tb`
--
ALTER TABLE `residence_tb`
  ADD PRIMARY KEY (`ID`);

--
-- Indexes for table `role_settings`
--
ALTER TABLE `role_settings`
  ADD PRIMARY KEY (`ID`);

--
-- Indexes for table `role_tb`
--
ALTER TABLE `role_tb`
  ADD PRIMARY KEY (`ID`);

--
-- Indexes for table `sessions`
--
ALTER TABLE `sessions`
  ADD PRIMARY KEY (`id`),
  ADD KEY `sessions_user_id_index` (`user_id`),
  ADD KEY `sessions_last_activity_index` (`last_activity`);

--
-- Indexes for table `sms_tb`
--
ALTER TABLE `sms_tb`
  ADD PRIMARY KEY (`ID`);

--
-- Indexes for table `status_tb`
--
ALTER TABLE `status_tb`
  ADD PRIMARY KEY (`ID`);

--
-- Indexes for table `subscription_tb`
--
ALTER TABLE `subscription_tb`
  ADD PRIMARY KEY (`ID`);

--
-- Indexes for table `susucomm_tb`
--
ALTER TABLE `susucomm_tb`
  ADD PRIMARY KEY (`ID`);

--
-- Indexes for table `sync_history`
--
ALTER TABLE `sync_history`
  ADD PRIMARY KEY (`ID`);

--
-- Indexes for table `withdrawal_tb`
--
ALTER TABLE `withdrawal_tb`
  ADD PRIMARY KEY (`ID`),
  ADD KEY `CLIENT_ID` (`CLIENT_ID`),
  ADD KEY `CREATED_BY` (`CREATED_BY`);

--
-- AUTO_INCREMENT for dumped tables
--

--
-- AUTO_INCREMENT for table `account_number_tb`
--
ALTER TABLE `account_number_tb`
  MODIFY `ID` int NOT NULL AUTO_INCREMENT, AUTO_INCREMENT=65;

--
-- AUTO_INCREMENT for table `account_tb`
--
ALTER TABLE `account_tb`
  MODIFY `ID` int NOT NULL AUTO_INCREMENT;

--
-- AUTO_INCREMENT for table `acc_status_tb`
--
ALTER TABLE `acc_status_tb`
  MODIFY `ID` int NOT NULL AUTO_INCREMENT, AUTO_INCREMENT=3;

--
-- AUTO_INCREMENT for table `activation_tb`
--
ALTER TABLE `activation_tb`
  MODIFY `ID` int NOT NULL AUTO_INCREMENT, AUTO_INCREMENT=49;

--
-- AUTO_INCREMENT for table `activity_tb`
--
ALTER TABLE `activity_tb`
  MODIFY `ID` int NOT NULL AUTO_INCREMENT, AUTO_INCREMENT=14;

--
-- AUTO_INCREMENT for table `admin_tb`
--
ALTER TABLE `admin_tb`
  MODIFY `ID` int NOT NULL AUTO_INCREMENT, AUTO_INCREMENT=91;

--
-- AUTO_INCREMENT for table `balance_tb`
--
ALTER TABLE `balance_tb`
  MODIFY `ID` bigint NOT NULL AUTO_INCREMENT;

--
-- AUTO_INCREMENT for table `charge_tb`
--
ALTER TABLE `charge_tb`
  MODIFY `ID` bigint NOT NULL AUTO_INCREMENT;

--
-- AUTO_INCREMENT for table `check_tb`
--
ALTER TABLE `check_tb`
  MODIFY `ID` int NOT NULL AUTO_INCREMENT;

--
-- AUTO_INCREMENT for table `client_tb`
--
ALTER TABLE `client_tb`
  MODIFY `ID` bigint NOT NULL AUTO_INCREMENT;

--
-- AUTO_INCREMENT for table `client_temp_tb`
--
ALTER TABLE `client_temp_tb`
  MODIFY `ID` bigint NOT NULL AUTO_INCREMENT;

--
-- AUTO_INCREMENT for table `company_tb`
--
ALTER TABLE `company_tb`
  MODIFY `ID` int NOT NULL AUTO_INCREMENT, AUTO_INCREMENT=75;

--
-- AUTO_INCREMENT for table `delist_tb`
--
ALTER TABLE `delist_tb`
  MODIFY `ID` bigint NOT NULL AUTO_INCREMENT;

--
-- AUTO_INCREMENT for table `deposit_tb`
--
ALTER TABLE `deposit_tb`
  MODIFY `ID` bigint NOT NULL AUTO_INCREMENT;

--
-- AUTO_INCREMENT for table `dept_tb`
--
ALTER TABLE `dept_tb`
  MODIFY `id` bigint NOT NULL AUTO_INCREMENT, AUTO_INCREMENT=18;

--
-- AUTO_INCREMENT for table `fees_tb`
--
ALTER TABLE `fees_tb`
  MODIFY `ID` int NOT NULL AUTO_INCREMENT;

--
-- AUTO_INCREMENT for table `fee_tb`
--
ALTER TABLE `fee_tb`
  MODIFY `ID` int NOT NULL AUTO_INCREMENT, AUTO_INCREMENT=13;

--
-- AUTO_INCREMENT for table `formfee_tb`
--
ALTER TABLE `formfee_tb`
  MODIFY `id` bigint NOT NULL AUTO_INCREMENT, AUTO_INCREMENT=14;

--
-- AUTO_INCREMENT for table `form_tb`
--
ALTER TABLE `form_tb`
  MODIFY `ID` bigint NOT NULL AUTO_INCREMENT, AUTO_INCREMENT=9;

--
-- AUTO_INCREMENT for table `haccount_tb`
--
ALTER TABLE `haccount_tb`
  MODIFY `ID` int NOT NULL AUTO_INCREMENT, AUTO_INCREMENT=46;

--
-- AUTO_INCREMENT for table `hcharge_tb`
--
ALTER TABLE `hcharge_tb`
  MODIFY `ID` bigint NOT NULL AUTO_INCREMENT;

--
-- AUTO_INCREMENT for table `hproduct_tb`
--
ALTER TABLE `hproduct_tb`
  MODIFY `ID` int NOT NULL AUTO_INCREMENT;

--
-- AUTO_INCREMENT for table `interest_tb`
--
ALTER TABLE `interest_tb`
  MODIFY `ID` int NOT NULL AUTO_INCREMENT;

--
-- AUTO_INCREMENT for table `loanreg_tb`
--
ALTER TABLE `loanreg_tb`
  MODIFY `id` bigint NOT NULL AUTO_INCREMENT, AUTO_INCREMENT=8;

--
-- AUTO_INCREMENT for table `loan_payment`
--
ALTER TABLE `loan_payment`
  MODIFY `ID` bigint NOT NULL AUTO_INCREMENT, AUTO_INCREMENT=61;

--
-- AUTO_INCREMENT for table `loan_product_tb`
--
ALTER TABLE `loan_product_tb`
  MODIFY `ID` int NOT NULL AUTO_INCREMENT, AUTO_INCREMENT=7;

--
-- AUTO_INCREMENT for table `loan_tb`
--
ALTER TABLE `loan_tb`
  MODIFY `ID` bigint NOT NULL AUTO_INCREMENT, AUTO_INCREMENT=10;

--
-- AUTO_INCREMENT for table `momo_trans_tb`
--
ALTER TABLE `momo_trans_tb`
  MODIFY `ID` int NOT NULL AUTO_INCREMENT;

--
-- AUTO_INCREMENT for table `month_tb`
--
ALTER TABLE `month_tb`
  MODIFY `ID` int NOT NULL AUTO_INCREMENT, AUTO_INCREMENT=13;

--
-- AUTO_INCREMENT for table `no_account_tb`
--
ALTER TABLE `no_account_tb`
  MODIFY `ID` int NOT NULL AUTO_INCREMENT;

--
-- AUTO_INCREMENT for table `penalty_tb`
--
ALTER TABLE `penalty_tb`
  MODIFY `ID` bigint NOT NULL AUTO_INCREMENT;

--
-- AUTO_INCREMENT for table `product_tb`
--
ALTER TABLE `product_tb`
  MODIFY `ID` int NOT NULL AUTO_INCREMENT, AUTO_INCREMENT=13;

--
-- AUTO_INCREMENT for table `residence_tb`
--
ALTER TABLE `residence_tb`
  MODIFY `ID` int NOT NULL AUTO_INCREMENT, AUTO_INCREMENT=53;

--
-- AUTO_INCREMENT for table `role_settings`
--
ALTER TABLE `role_settings`
  MODIFY `ID` int NOT NULL AUTO_INCREMENT, AUTO_INCREMENT=187;

--
-- AUTO_INCREMENT for table `role_tb`
--
ALTER TABLE `role_tb`
  MODIFY `ID` int NOT NULL AUTO_INCREMENT, AUTO_INCREMENT=7;

--
-- AUTO_INCREMENT for table `sms_tb`
--
ALTER TABLE `sms_tb`
  MODIFY `ID` int NOT NULL AUTO_INCREMENT, AUTO_INCREMENT=6;

--
-- AUTO_INCREMENT for table `status_tb`
--
ALTER TABLE `status_tb`
  MODIFY `ID` int NOT NULL AUTO_INCREMENT;

--
-- AUTO_INCREMENT for table `subscription_tb`
--
ALTER TABLE `subscription_tb`
  MODIFY `ID` int NOT NULL AUTO_INCREMENT, AUTO_INCREMENT=49;

--
-- AUTO_INCREMENT for table `susucomm_tb`
--
ALTER TABLE `susucomm_tb`
  MODIFY `ID` bigint NOT NULL AUTO_INCREMENT;

--
-- AUTO_INCREMENT for table `sync_history`
--
ALTER TABLE `sync_history`
  MODIFY `ID` int NOT NULL AUTO_INCREMENT, AUTO_INCREMENT=110;

--
-- AUTO_INCREMENT for table `withdrawal_tb`
--
ALTER TABLE `withdrawal_tb`
  MODIFY `ID` bigint NOT NULL AUTO_INCREMENT;

--
-- Constraints for dumped tables
--

--
-- Constraints for table `loan_payment`
--
ALTER TABLE `loan_payment`
  ADD CONSTRAINT `loan_payment_ibfk_1` FOREIGN KEY (`CUSTOMERID`) REFERENCES `loanreg_tb` (`id`),
  ADD CONSTRAINT `loan_payment_ibfk_2` FOREIGN KEY (`LOANID`) REFERENCES `loan_tb` (`ID`);
COMMIT;

/*!40101 SET CHARACTER_SET_CLIENT=@OLD_CHARACTER_SET_CLIENT */;
/*!40101 SET CHARACTER_SET_RESULTS=@OLD_CHARACTER_SET_RESULTS */;
/*!40101 SET COLLATION_CONNECTION=@OLD_COLLATION_CONNECTION */;
